timestamp,cpu_utilization,memory_mb,latency_ms,request_volume,instance_price,availability
2026-08-01T00:00:00,7.0,314.9,35.07,195,3.5e-05,99.9566
2026-08-01T00:15:00,5.0,295.4,37.86,424,7.7e-05,99.9522
2026-08-01T00:30:00,8.51,327.5,36.15,408,7.9e-05,99.9606
2026-08-01T00:45:00,5.0,304.5,29.8,347,5.1e-05,99.955
2026-08-01T01:00:00,11.31,280.1,23.75,419,4.5e-05,99.9317
2026-08-01T01:15:00,12.4,326.5,33.0,489,8.6e-05,99.9441
2026-08-01T01:30:00,6.85,288.9,31.93,314,4.7e-05,99.9375
2026-08-01T01:45:00,5.0,283.4,42.4,181,3.5e-05,99.928
2026-08-01T02:00:00,5.88,296.0,34.2,203,3.3e-05,99.9215
2026-08-01T02:15:00,6.87,310.9,40.54,460,9.4e-05,99.9645
2026-08-01T02:30:00,6.64,268.9,26.39,110,1.3e-05,99.969
2026-08-01T02:45:00,5.0,269.1,28.38,0,0.0,99.9284
2026-08-01T03:00:00,10.38,289.4,33.12,341,5.3e-05,99.9717
2026-08-01T03:15:00,12.18,325.9,40.42,670,0.000144,99.9494
2026-08-01T03:30:00,16.35,318.4,37.95,394,7.7e-05,99.947
2026-08-01T03:45:00,9.1,229.0,30.11,275,3.1e-05,99.939
2026-08-01T04:00:00,13.28,273.3,31.36,564,7.9e-05,99.9411
2026-08-01T04:15:00,6.93,310.9,30.9,606,9.5e-05,99.9501
2026-08-01T04:30:00,8.16,246.2,25.24,200,2e-05,99.9849
2026-08-01T04:45:00,5.0,306.0,29.65,188,2.8e-05,99.9396
2026-08-01T05:00:00,5.42,333.7,30.07,397,6.5e-05,99.9186
2026-08-01T05:15:00,5.0,309.6,28.47,63,9e-06,99.9592
2026-08-01T05:30:00,5.0,299.6,27.72,301,4.1e-05,99.9755
2026-08-01T05:45:00,6.74,286.8,27.82,259,3.4e-05,99.9797
2026-08-01T06:00:00,25.91,373.0,47.97,1238,0.000361,99.9546
2026-08-01T06:15:00,16.9,352.6,65.68,1062,0.0004,99.9203
2026-08-01T06:30:00,29.93,464.7,96.25,1771,0.001289,99.958
2026-08-01T06:45:00,28.37,402.5,95.76,1093,0.000686,99.9639
2026-08-01T07:00:00,33.88,414.1,101.05,1417,0.000965,99.957
2026-08-01T07:15:00,23.32,402.6,75.77,1111,0.000552,99.99
2026-08-01T07:30:00,17.88,393.8,97.91,1106,0.000694,99.9201
2026-08-01T07:45:00,18.03,403.6,60.39,901,0.000357,99.9413
2026-08-01T08:00:00,10.9,368.1,72.16,1376,0.000595,99.9612
2026-08-01T08:15:00,28.19,419.3,82.9,1609,0.00091,99.9404
2026-08-01T08:30:00,22.32,431.2,50.33,1471,0.00052,99.959
2026-08-01T08:45:00,27.59,377.5,58.22,1113,0.000398,99.9805
2026-08-01T09:00:00,32.28,369.6,65.75,1116,0.000441,99.9456
2026-08-01T09:15:00,40.59,436.7,91.89,1886,0.001232,99.923
2026-08-01T09:30:00,26.92,417.8,81.64,1421,0.000789,99.9255
2026-08-01T09:45:00,11.81,395.8,69.52,1095,0.00049,99.977
2026-08-01T10:00:00,43.88,521.1,79.21,2618,0.001759,99.955
2026-08-01T10:15:00,39.26,535.6,106.82,2222,0.002069,99.9382
2026-08-01T10:30:00,45.88,536.6,150.93,2760,0.003638,99.9707
2026-08-01T10:45:00,45.2,551.7,129.39,2598,0.003018,99.99
2026-08-01T11:00:00,49.57,533.1,120.32,2744,0.002865,99.9578
2026-08-01T11:15:00,32.25,525.4,135.7,2552,0.002961,99.9089
2026-08-01T11:30:00,54.08,547.9,100.16,2990,0.002671,99.9629
2026-08-01T11:45:00,40.06,545.1,112.41,2895,0.002887,99.9215
2026-08-01T12:00:00,33.81,483.8,101.6,1992,0.001594,99.963
2026-08-01T12:15:00,39.4,506.8,100.04,2107,0.001739,99.9343
2026-08-01T12:30:00,52.5,557.5,139.06,2843,0.003587,99.9653
2026-08-01T12:45:00,34.35,465.0,82.14,1840,0.001144,99.9352
2026-08-01T13:00:00,39.84,528.5,140.58,2263,0.002736,99.919
2026-08-01T13:15:00,44.87,530.4,123.34,2550,0.002715,99.9346
2026-08-01T13:30:00,38.11,472.8,96.36,2331,0.001729,99.9363
2026-08-01T13:45:00,37.35,497.4,87.17,2170,0.001531,99.9341
2026-08-01T14:00:00,41.81,488.1,83.42,2259,0.001497,99.9374
2026-08-01T14:15:00,37.35,460.8,112.7,2343,0.00198,99.9383
2026-08-01T14:30:00,32.24,451.4,103.14,1730,0.001311,99.9433
2026-08-01T14:45:00,34.18,477.8,114.36,2106,0.001873,99.9437
2026-08-01T15:00:00,42.66,529.3,94.0,2293,0.001857,99.9488
2026-08-01T15:15:00,46.2,552.9,130.21,2798,0.003279,99.995
2026-08-01T15:30:00,42.43,550.2,81.27,2466,0.001795,99.9206
2026-08-01T15:45:00,33.45,541.1,98.03,2438,0.002105,99.9267
2026-08-01T16:00:00,53.25,525.1,107.65,2727,0.002509,99.9505
2026-08-01T16:15:00,52.52,526.8,108.91,2752,0.00257,99.9577
2026-08-01T16:30:00,35.89,482.2,103.2,2375,0.001923,99.948
2026-08-01T16:45:00,39.02,487.8,111.05,1997,0.001761,99.9709
2026-08-01T17:00:00,47.81,491.8,110.94,2471,0.002194,99.93
2026-08-01T17:15:00,53.76,518.5,137.31,2536,0.002938,99.9422
2026-08-01T17:30:00,36.19,481.3,87.06,2288,0.00156,99.9401
2026-08-01T17:45:00,42.85,502.6,105.24,2191,0.001886,99.9659
2026-08-01T18:00:00,21.19,382.8,66.85,1076,0.000448,99.9542
2026-08-01T18:15:00,32.95,434.2,59.1,1664,0.000695,99.9583
2026-08-01T18:30:00,21.86,365.3,49.46,813,0.000239,99.9306
2026-08-01T18:45:00,26.91,462.4,89.54,1985,0.001338,99.9712
2026-08-01T19:00:00,24.35,383.1,83.78,1673,0.000874,99.9499
2026-08-01T19:15:00,28.41,442.6,86.16,1630,0.001012,99.9778
2026-08-01T19:30:00,32.16,444.1,82.02,1639,0.000972,99.9776
2026-08-01T19:45:00,34.97,483.5,110.7,1770,0.001542,99.9319
2026-08-01T20:00:00,20.75,402.3,83.38,1152,0.000629,99.9901
2026-08-01T20:15:00,33.84,416.4,66.27,1517,0.000681,99.8984
2026-08-01T20:30:00,17.52,382.9,51.68,1337,0.000431,99.9455
2026-08-01T20:45:00,38.32,451.1,78.28,1524,0.000876,99.956
2026-08-01T21:00:00,25.15,388.2,74.51,1596,0.000751,99.9278
2026-08-01T21:15:00,35.53,476.7,82.39,1819,0.001163,99.9664
2026-08-01T21:30:00,23.22,381.7,54.06,1445,0.000485,99.9618
2026-08-01T21:45:00,30.0,407.5,73.53,1450,0.000707,99.9459
2026-08-01T22:00:00,11.78,317.3,46.88,793,0.000192,99.9536
2026-08-01T22:15:00,12.45,325.2,46.45,356,8.8e-05,99.9532
2026-08-01T22:30:00,14.68,355.7,53.82,951,0.000296,99.9514
2026-08-01T22:45:00,11.16,344.6,41.04,570,0.000131,99.9402
2026-08-01T23:00:00,17.6,321.3,41.7,819,0.000179,99.9526
2026-08-01T23:15:00,15.89,353.4,44.15,1018,0.000259,99.9626
2026-08-01T23:30:00,5.0,283.5,34.36,316,5e-05,99.9525
2026-08-01T23:45:00,7.73,313.6,46.77,464,0.000111,99.964
2026-08-02T00:00:00,6.15,298.1,40.5,208,4.1e-05,99.9536
2026-08-02T00:15:00,10.26,305.4,38.0,593,0.000112,99.9504
2026-08-02T00:30:00,7.82,329.8,33.34,242,4.3e-05,99.9326
2026-08-02T00:45:00,5.0,283.0,26.85,316,3.9e-05,99.9614
2026-08-02T01:00:00,8.22,294.4,38.22,534,9.8e-05,99.9498
2026-08-02T01:15:00,5.0,273.0,23.59,434,4.5e-05,99.9417
2026-08-02T01:30:00,10.45,299.4,31.73,459,7.1e-05,99.9929
2026-08-02T01:45:00,14.5,384.9,31.94,449,9e-05,99.936
2026-08-02T02:00:00,5.0,278.6,28.19,113,1.4e-05,99.9256
2026-08-02T02:15:00,5.0,283.6,37.05,213,3.6e-05,99.9154
2026-08-02T02:30:00,5.0,333.4,33.01,111,2e-05,99.9333
2026-08-02T02:45:00,6.0,266.4,33.77,502,7.4e-05,99.9478
2026-08-02T03:00:00,8.15,313.9,34.48,168,3e-05,99.9508
2026-08-02T03:15:00,5.0,268.0,37.32,672,0.000109,99.9872
2026-08-02T03:30:00,9.96,320.6,33.05,385,6.6e-05,99.9941
2026-08-02T03:45:00,5.65,304.2,27.84,306,4.2e-05,99.9267
2026-08-02T04:00:00,7.61,282.1,25.65,215,2.5e-05,99.971
2026-08-02T04:15:00,7.03,306.1,50.01,222,5.5e-05,99.9738
2026-08-02T04:30:00,5.74,311.2,17.71,75,7e-06,99.9387
2026-08-02T04:45:00,6.82,272.5,32.07,249,3.5e-05,99.9549
2026-08-02T05:00:00,5.0,273.7,28.66,181,2.3e-05,99.949
2026-08-02T05:15:00,5.0,289.6,29.36,668,9.2e-05,99.9472
2026-08-02T05:30:00,5.0,251.4,28.96,45,5e-06,99.9282
2026-08-02T05:45:00,7.36,298.1,34.44,67,1.1e-05,99.9601
2026-08-02T06:00:00,18.43,363.1,81.02,1062,0.000509,99.9373
2026-08-02T06:15:00,31.24,433.5,78.72,1821,0.001012,99.9618
2026-08-02T06:30:00,31.85,427.1,102.82,1926,0.001376,99.9651
2026-08-02T06:45:00,25.36,461.7,86.41,1568,0.001018,99.9687
2026-08-02T07:00:00,13.58,362.7,64.35,1187,0.000451,99.9691
2026-08-02T07:15:00,17.5,399.6,74.17,1213,0.000585,99.9654
2026-08-02T07:30:00,22.89,346.9,63.25,1151,0.000411,99.935
2026-08-02T07:45:00,32.02,422.4,101.25,1606,0.001118,99.9687
2026-08-02T08:00:00,20.54,396.6,82.66,1419,0.000757,99.979
2026-08-02T08:15:00,21.24,375.8,51.49,1440,0.000454,99.9583
2026-08-02T08:30:00,23.83,444.2,65.81,1350,0.000642,99.9318
2026-08-02T08:45:00,24.0,405.4,60.54,1368,0.000546,99.9188
2026-08-02T09:00:00,22.83,432.7,78.17,1501,0.000826,99.9407
2026-08-02T09:15:00,26.91,328.0,57.26,834,0.000255,99.9415
2026-08-02T09:30:00,32.63,419.6,92.02,1492,0.000938,99.9448
2026-08-02T09:45:00,34.26,491.1,83.47,1772,0.001182,99.8948
2026-08-02T10:00:00,45.71,586.1,150.26,2863,0.004104,99.9213
2026-08-02T10:15:00,46.83,548.8,78.63,2634,0.00185,99.9592
2026-08-02T10:30:00,25.36,441.6,92.03,1950,0.00129,99.9696
2026-08-02T10:45:00,30.71,519.1,129.99,2118,0.002326,99.972
2026-08-02T11:00:00,37.78,482.7,82.75,1752,0.001139,99.9697
2026-08-02T11:15:00,45.01,527.6,122.39,2466,0.002592,99.9514
2026-08-02T11:30:00,47.16,573.7,161.61,2740,0.004135,99.9747
2026-08-02T11:45:00,46.43,501.5,123.77,2449,0.002474,99.9595
2026-08-02T12:00:00,45.3,522.4,119.13,2708,0.002743,99.9534
2026-08-02T12:15:00,32.49,500.1,105.09,2026,0.001733,99.9634
2026-08-02T12:30:00,53.83,583.6,159.57,2753,0.004173,99.9565
2026-08-02T12:45:00,39.29,480.2,96.78,2388,0.001806,99.9533
2026-08-02T13:00:00,38.0,487.1,98.25,1928,0.001502,99.9494
2026-08-02T13:15:00,42.49,557.7,133.05,2698,0.003258,99.948
2026-08-02T13:30:00,42.74,536.9,126.01,2649,0.002917,99.9299
2026-08-02T13:45:00,45.93,536.0,112.48,2743,0.002692,99.9633
2026-08-02T14:00:00,30.94,444.0,72.23,2370,0.001237,99.9284
2026-08-02T14:15:00,43.12,509.1,81.39,2332,0.001573,99.9222
2026-08-02T14:30:00,43.27,537.5,107.18,2738,0.002567,99.9423
2026-08-02T14:45:00,41.67,493.5,112.85,2351,0.002131,99.9465
2026-08-02T15:00:00,53.38,563.8,130.44,2533,0.003032,99.928
2026-08-02T15:15:00,36.38,473.2,120.79,2204,0.00205,99.9097
2026-08-02T15:30:00,43.01,522.2,106.7,2550,0.002313,99.9421
2026-08-02T15:45:00,32.71,444.5,112.03,1737,0.001408,99.9337
2026-08-02T16:00:00,50.54,521.5,119.51,2696,0.002735,99.9839
2026-08-02T16:15:00,34.68,479.4,87.94,2132,0.001463,99.9519
2026-08-02T16:30:00,46.88,555.7,119.99,2721,0.002953,99.9497
2026-08-02T16:45:00,37.86,478.9,124.61,2327,0.00226,99.9245
2026-08-02T17:00:00,37.72,488.0,88.28,1851,0.001298,99.9379
2026-08-02T17:15:00,37.12,503.5,99.03,2206,0.00179,99.957
2026-08-02T17:30:00,44.65,523.3,97.25,2679,0.002219,99.9669
2026-08-02T17:45:00,37.08,477.8,111.31,2333,0.002019,99.9516
2026-08-02T18:00:00,19.19,357.1,72.12,924,0.000387,99.9858
2026-08-02T18:15:00,48.7,545.4,98.44,2342,0.002046,99.936
2026-08-02T18:30:00,27.76,404.3,76.04,1171,0.000586,99.9721
2026-08-02T18:45:00,11.38,372.8,72.78,935,0.000413,99.947
2026-08-02T19:00:00,21.39,402.6,62.86,1271,0.000524,99.9066
2026-08-02T19:15:00,22.65,411.1,51.83,1317,0.000457,99.9612
2026-08-02T19:30:00,21.24,352.6,71.52,1410,0.000579,99.9165
2026-08-02T19:45:00,29.72,456.5,75.11,1525,0.000851,99.929
2026-08-02T20:00:00,31.95,449.3,75.58,1799,0.000994,99.9489
2026-08-02T20:15:00,26.96,403.7,75.37,1475,0.000731,99.943
2026-08-02T20:30:00,27.5,427.4,69.89,1798,0.000874,99.961
2026-08-02T20:45:00,16.51,394.8,64.57,1311,0.000544,99.9517
2026-08-02T21:00:00,21.75,358.4,57.44,888,0.000298,99.9571
2026-08-02T21:15:00,27.22,392.2,71.08,1300,0.00059,99.9617
2026-08-02T21:30:00,18.34,380.8,68.68,1316,0.00056,99.975
2026-08-02T21:45:00,25.57,365.6,48.8,1347,0.000391,99.9371
2026-08-02T22:00:00,5.0,365.0,41.32,481,0.000118,99.911
2026-08-02T22:15:00,5.0,315.2,27.54,330,4.7e-05,99.9171
2026-08-02T22:30:00,6.95,327.4,40.87,779,0.00017,99.9418
2026-08-02T22:45:00,9.2,285.6,35.75,450,7.5e-05,99.9561
2026-08-02T23:00:00,14.71,301.0,50.56,746,0.000185,99.9323
2026-08-02T23:15:00,12.27,314.5,41.74,399,8.5e-05,99.9139
2026-08-02T23:30:00,5.0,312.9,34.81,545,9.7e-05,99.9428
2026-08-02T23:45:00,16.17,301.0,50.78,267,6.6e-05,99.9573
2026-08-03T00:00:00,13.37,307.7,37.8,649,0.000123,99.8987
2026-08-03T00:15:00,12.88,354.1,55.49,635,0.000203,99.9184
2026-08-03T00:30:00,15.75,292.0,41.53,887,0.000175,99.9438
2026-08-03T00:45:00,14.72,306.3,31.82,213,3.4e-05,99.9556
2026-08-03T01:00:00,5.0,283.5,34.04,254,4e-05,99.9955
2026-08-03T01:15:00,16.58,348.8,47.58,779,0.00021,99.9866
2026-08-03T01:30:00,11.92,314.1,50.71,743,0.000193,99.9486
2026-08-03T01:45:00,18.83,314.2,43.26,605,0.000134,99.9664
2026-08-03T02:00:00,6.06,264.0,37.85,483,7.9e-05,99.947
2026-08-03T02:15:00,10.41,334.3,48.26,527,0.000138,99.9402
2026-08-03T02:30:00,18.87,341.4,46.97,615,0.00016,99.8904
2026-08-03T02:45:00,10.77,296.2,45.71,752,0.000166,99.9482
2026-08-03T03:00:00,5.0,309.7,24.18,65,8e-06,99.9483
2026-08-03T03:15:00,5.0,289.8,27.61,302,3.9e-05,99.928
2026-08-03T03:30:00,13.66,328.3,49.07,576,0.000151,99.9484
2026-08-03T03:45:00,7.95,318.9,31.86,570,9.4e-05,99.9483
2026-08-03T04:00:00,8.84,318.6,37.91,127,2.5e-05,99.9449
2026-08-03T04:15:00,10.74,308.1,26.56,198,2.6e-05,99.9853
2026-08-03T04:30:00,14.88,308.6,45.63,367,8.4e-05,99.9739
2026-08-03T04:45:00,17.32,341.2,54.03,763,0.000229,99.9355
2026-08-03T05:00:00,10.56,310.6,58.51,753,0.000223,99.9074
2026-08-03T05:15:00,19.1,310.2,35.72,345,6.2e-05,99.9355
2026-08-03T05:30:00,16.59,339.9,40.3,653,0.000146,99.9573
2026-08-03T05:45:00,14.5,322.2,56.54,621,0.000184,99.9315
2026-08-03T06:00:00,54.37,554.9,114.3,3018,0.003115,99.9411
2026-08-03T06:15:00,30.2,432.8,89.21,1735,0.00109,99.9441
2026-08-03T06:30:00,39.67,474.8,111.7,1967,0.001698,99.9781
2026-08-03T06:45:00,46.73,496.6,109.75,2210,0.00196,99.9148
2026-08-03T07:00:00,42.49,494.2,123.04,1955,0.001935,99.9391
2026-08-03T07:15:00,37.11,523.0,116.94,2623,0.002611,99.9604
2026-08-03T07:30:00,46.29,550.2,133.58,2638,0.003156,99.9435
2026-08-03T07:45:00,36.54,478.0,81.78,2158,0.001373,99.913
2026-08-03T08:00:00,28.89,429.5,81.88,1661,0.000951,99.9751
2026-08-03T08:15:00,41.23,554.3,113.6,2644,0.00271,99.9464
2026-08-03T08:30:00,34.72,469.4,86.57,1725,0.001141,99.9896
2026-08-03T08:45:00,48.24,548.4,110.36,2988,0.002943,99.962
2026-08-03T09:00:00,48.02,558.7,125.73,2629,0.003006,99.945
2026-08-03T09:15:00,45.87,566.8,124.38,3099,0.003556,99.9581
2026-08-03T09:30:00,44.9,503.1,101.23,2375,0.001969,99.9385
2026-08-03T09:45:00,51.77,592.4,105.75,3040,0.0031,99.9574
2026-08-03T10:00:00,54.34,600.9,126.45,3139,0.003882,99.9101
2026-08-03T10:15:00,76.36,745.9,226.23,4687,0.012873,99.9302
2026-08-03T10:30:00,61.64,652.3,139.67,3461,0.005132,99.9163
2026-08-03T10:45:00,75.44,694.3,142.95,3914,0.006322,99.9015
2026-08-03T11:00:00,45.51,591.2,142.67,3295,0.004523,99.9061
2026-08-03T11:15:00,74.98,668.3,166.38,3937,0.007125,99.8583
2026-08-03T11:30:00,73.76,740.9,197.14,4582,0.010892,99.905
2026-08-03T11:45:00,63.39,634.7,144.05,3738,0.005562,99.9071
2026-08-03T12:00:00,65.42,636.2,130.44,3679,0.004969,99.9595
2026-08-03T12:15:00,72.07,654.8,148.19,3818,0.00603,99.9662
2026-08-03T12:30:00,83.62,783.6,216.83,4621,0.012778,99.8324
2026-08-03T12:45:00,73.21,681.1,156.2,3808,0.006594,99.8848
2026-08-03T13:00:00,62.88,586.4,143.15,2970,0.004058,99.9033
2026-08-03T13:15:00,72.74,707.7,164.04,4160,0.00786,99.8032
2026-08-03T13:30:00,88.56,792.9,156.19,4938,0.009954,99.8347
2026-08-03T13:45:00,52.42,604.7,159.0,3128,0.004895,99.9135
2026-08-03T14:00:00,58.35,635.5,152.79,3173,0.005014,99.9083
2026-08-03T14:15:00,55.82,609.9,143.41,3567,0.005078,99.9327
2026-08-03T14:30:00,59.9,642.8,186.73,3360,0.006565,99.958
2026-08-03T14:45:00,70.71,677.6,106.35,3799,0.004455,99.92
2026-08-03T15:00:00,73.62,722.2,163.81,4332,0.008342,99.8974
2026-08-03T15:15:00,56.81,600.7,137.2,3261,0.004374,99.8965
2026-08-03T15:30:00,56.44,589.2,140.59,3193,0.004305,99.9409
2026-08-03T15:45:00,81.31,743.2,198.68,4819,0.01158,99.8492
2026-08-03T16:00:00,77.84,740.4,182.7,4297,0.00946,99.8318
2026-08-03T16:15:00,67.85,640.4,147.68,3063,0.004715,99.9033
2026-08-03T16:30:00,87.97,756.3,260.68,4943,0.015861,99.9323
2026-08-03T16:45:00,69.6,690.6,145.31,3975,0.006493,99.951
2026-08-03T17:00:00,71.45,701.1,174.08,3703,0.007356,99.9299
2026-08-03T17:15:00,88.97,741.1,192.33,4580,0.010625,99.9177
2026-08-03T17:30:00,64.68,661.4,158.77,3291,0.005625,99.9344
2026-08-03T17:45:00,74.1,715.2,183.28,4164,0.008884,99.8937
2026-08-03T18:00:00,51.83,582.0,145.57,2905,0.004006,99.9394
2026-08-03T18:15:00,31.3,455.3,71.75,1708,0.000908,99.9627
2026-08-03T18:30:00,40.31,495.5,108.86,2609,0.00229,99.9558
2026-08-03T18:45:00,39.96,526.6,116.88,2498,0.002502,99.9595
2026-08-03T19:00:00,44.74,527.3,102.14,2398,0.002102,99.9573
2026-08-03T19:15:00,37.15,457.1,74.39,1645,0.00091,99.9482
2026-08-03T19:30:00,33.47,414.0,67.24,1931,0.000875,99.9493
2026-08-03T19:45:00,25.65,501.2,101.47,1797,0.001487,99.947
2026-08-03T20:00:00,47.81,597.2,138.92,2611,0.003526,99.9373
2026-08-03T20:15:00,51.75,617.5,104.0,2948,0.003081,99.9713
2026-08-03T20:30:00,44.52,521.7,128.34,2800,0.003051,99.9183
2026-08-03T20:45:00,63.17,634.6,189.7,3455,0.006769,99.902
2026-08-03T21:00:00,34.55,519.7,95.26,1963,0.001582,99.9576
2026-08-03T21:15:00,45.4,566.4,125.61,2814,0.003258,99.9531
2026-08-03T21:30:00,51.26,536.9,104.95,2603,0.002387,99.9582
2026-08-03T21:45:00,39.01,434.9,109.07,1746,0.001348,99.9326
2026-08-03T22:00:00,17.21,383.7,67.68,1226,0.000518,99.9531
2026-08-03T22:15:00,12.86,345.5,31.09,427,7.5e-05,99.935
2026-08-03T22:30:00,22.5,347.2,57.48,827,0.000269,99.9402
2026-08-03T22:45:00,16.04,307.4,54.04,767,0.000207,99.9798
2026-08-03T23:00:00,12.51,369.7,61.96,1225,0.000457,99.9506
2026-08-03T23:15:00,22.19,378.5,57.96,1085,0.000387,99.9372
2026-08-03T23:30:00,6.57,310.2,52.25,972,0.000256,99.9459
2026-08-03T23:45:00,11.6,331.3,73.29,1291,0.00051,99.9545
2026-08-04T00:00:00,21.08,355.4,55.5,1136,0.000365,99.9625
2026-08-04T00:15:00,19.81,305.9,49.45,563,0.000139,99.962
2026-08-04T00:30:00,19.98,353.8,30.77,663,0.000117,99.9665
2026-08-04T00:45:00,7.55,315.4,43.51,514,0.000115,99.9966
2026-08-04T01:00:00,13.69,340.7,35.41,851,0.000167,99.9208
2026-08-04T01:15:00,13.01,356.9,30.77,623,0.000111,99.9319
2026-08-04T01:30:00,9.5,322.4,22.35,385,4.5e-05,99.9223
2026-08-04T01:45:00,5.0,313.6,21.51,156,1.7e-05,99.9204
2026-08-04T02:00:00,10.24,344.4,47.27,547,0.000145,99.9306
2026-08-04T02:15:00,16.72,309.8,47.86,909,0.000219,99.9511
2026-08-04T02:30:00,5.0,336.9,37.33,278,5.7e-05,99.9334
2026-08-04T02:45:00,9.41,360.8,56.16,960,0.000317,99.9728
2026-08-04T03:00:00,11.56,355.9,42.81,934,0.000232,99.9643
2026-08-04T03:15:00,12.8,311.7,35.89,736,0.000134,99.9412
2026-08-04T03:30:00,9.6,311.7,42.53,668,0.000144,99.9179
2026-08-04T03:45:00,14.29,345.3,48.87,747,0.000205,99.9536
2026-08-04T04:00:00,14.1,349.2,68.45,1019,0.000396,99.9708
2026-08-04T04:15:00,5.0,264.0,40.4,49,9e-06,99.9326
2026-08-04T04:30:00,15.45,341.9,49.06,1037,0.000283,99.9173
2026-08-04T04:45:00,13.95,345.2,51.06,450,0.000129,99.9267
2026-08-04T05:00:00,9.62,371.1,47.65,1157,0.000333,99.9693
2026-08-04T05:15:00,12.99,331.9,73.07,656,0.000259,99.9511
2026-08-04T05:30:00,13.74,327.3,64.14,1024,0.00035,99.9594
2026-08-04T05:45:00,5.0,281.1,24.77,290,3.3e-05,99.9326
2026-08-04T06:00:00,63.43,662.4,168.91,3767,0.00686,99.9083
2026-08-04T06:15:00,29.04,461.7,93.85,1651,0.001165,99.9676
2026-08-04T06:30:00,44.61,501.9,132.68,1867,0.002023,99.939
2026-08-04T06:45:00,38.39,486.3,120.74,2375,0.00227,99.9583
2026-08-04T07:00:00,43.19,507.0,106.22,2496,0.002188,99.939
2026-08-04T07:15:00,31.01,468.7,84.99,1636,0.001061,99.9252
2026-08-04T07:30:00,41.32,449.5,108.87,2141,0.001705,99.9292
2026-08-04T07:45:00,43.63,517.4,85.67,1909,0.001377,99.9798
2026-08-04T08:00:00,42.46,530.0,116.17,2250,0.002255,99.9694
2026-08-04T08:15:00,48.23,515.6,95.16,2692,0.00215,99.9435
2026-08-04T08:30:00,46.24,573.7,134.86,2457,0.003094,99.9302
2026-08-04T08:45:00,48.44,515.3,93.8,2606,0.00205,99.9424
2026-08-04T09:00:00,51.15,601.2,164.06,2996,0.00481,99.9159
2026-08-04T09:15:00,37.0,462.7,97.38,2418,0.001773,99.9674
2026-08-04T09:30:00,45.79,531.4,145.11,2603,0.003267,99.923
2026-08-04T09:45:00,58.32,599.0,136.19,2889,0.003836,99.9484
2026-08-04T10:00:00,68.76,699.5,178.43,3897,0.007916,99.8724
2026-08-04T10:15:00,59.1,617.2,141.04,3372,0.004777,99.9304
2026-08-04T10:30:00,64.27,672.8,130.15,3972,0.005661,99.9227
2026-08-04T10:45:00,65.61,591.4,118.17,3534,0.00402,99.9872
2026-08-04T11:00:00,51.06,601.5,150.56,3564,0.005254,99.9273
2026-08-04T11:15:00,52.83,602.7,165.22,2989,0.004845,99.9598
2026-08-04T11:30:00,79.34,727.2,196.74,4314,0.010045,99.8861
2026-08-04T11:45:00,81.74,726.1,161.67,4416,0.008437,99.8807
2026-08-04T12:00:00,82.84,711.5,178.69,4738,0.009805,99.944
2026-08-04T12:15:00,65.83,635.2,129.96,3561,0.004785,99.9362
2026-08-04T12:30:00,58.77,595.1,177.08,3431,0.005885,99.9366
2026-08-04T12:45:00,71.35,667.9,168.08,4057,0.007412,99.9296
2026-08-04T13:00:00,68.63,660.4,184.54,3822,0.007581,99.9791
2026-08-04T13:15:00,65.24,629.3,152.09,3372,0.005253,99.9204
2026-08-04T13:30:00,76.81,710.0,182.57,3915,0.00826,99.9397
2026-08-04T13:45:00,73.15,716.8,200.47,4038,0.009444,99.8832
2026-08-04T14:00:00,70.38,649.7,208.18,3865,0.008509,99.9481
2026-08-04T14:15:00,60.74,643.5,148.44,3774,0.005868,99.9501
2026-08-04T14:30:00,56.05,623.8,126.03,3429,0.004388,99.9312
2026-08-04T14:45:00,92.42,807.8,242.24,4850,0.015447,99.7574
2026-08-04T15:00:00,83.07,732.9,178.66,4303,0.00917,99.8254
2026-08-04T15:15:00,68.28,673.4,188.02,3883,0.008002,99.9054
2026-08-04T15:30:00,74.13,673.7,191.02,3945,0.008264,99.9548
2026-08-04T15:45:00,70.57,710.1,160.86,4518,0.0084,99.9269
2026-08-04T16:00:00,67.16,703.1,147.13,4009,0.00675,99.9034
2026-08-04T16:15:00,75.89,739.5,207.68,4191,0.010476,99.8239
2026-08-04T16:30:00,86.8,797.2,229.37,4960,0.014762,99.9408
2026-08-04T16:45:00,73.41,676.1,219.95,4295,0.010396,99.9215
2026-08-04T17:00:00,72.57,688.3,211.98,4296,0.010202,99.9346
2026-08-04T17:15:00,61.5,614.8,81.5,3065,0.0025,99.9515
2026-08-04T17:30:00,69.42,667.9,170.76,3708,0.006883,99.9115
2026-08-04T17:45:00,82.65,764.2,198.81,4693,0.011605,99.8242
2026-08-04T18:00:00,40.59,547.7,121.68,2535,0.00275,99.977
2026-08-04T18:15:00,48.73,542.7,111.41,2606,0.002564,99.9624
2026-08-04T18:30:00,27.47,432.1,91.19,1575,0.00101,99.9669
2026-08-04T18:45:00,32.65,448.4,97.81,2100,0.001499,99.9564
2026-08-04T19:00:00,50.69,573.4,105.01,2973,0.002914,99.8957
2026-08-04T19:15:00,52.97,613.6,166.23,2971,0.004932,99.9421
2026-08-04T19:30:00,53.75,530.4,126.57,2669,0.002916,99.9496
2026-08-04T19:45:00,32.43,416.4,85.51,1611,0.000934,99.9499
2026-08-04T20:00:00,42.26,536.7,118.22,2817,0.002909,99.9366
2026-08-04T20:15:00,50.16,537.4,143.71,2958,0.003718,99.9239
2026-08-04T20:30:00,30.46,406.9,91.72,1797,0.001092,99.9299
2026-08-04T20:45:00,47.03,527.0,87.36,2728,0.002044,99.9714
2026-08-04T21:00:00,52.29,535.9,126.84,2455,0.002716,99.9552
2026-08-04T21:15:00,51.48,581.2,104.06,3072,0.003024,99.9567
2026-08-04T21:30:00,35.46,451.5,111.98,2148,0.001768,99.935
2026-08-04T21:45:00,47.83,522.0,121.55,2281,0.002355,99.9357
2026-08-04T22:00:00,20.05,341.5,46.49,868,0.000224,99.9415
2026-08-04T22:15:00,25.86,360.7,63.77,1364,0.000511,99.9292
2026-08-04T22:30:00,13.38,324.5,55.93,857,0.000253,99.9069
2026-08-04T22:45:00,11.44,374.9,42.53,804,0.000209,99.9594
2026-08-04T23:00:00,10.93,358.6,52.99,756,0.000234,99.9343
2026-08-04T23:15:00,17.76,351.4,54.66,1091,0.000341,99.9369
2026-08-04T23:30:00,23.82,401.7,63.92,1402,0.000586,99.9282
2026-08-04T23:45:00,29.7,426.3,69.72,1463,0.000708,99.9238
2026-08-05T00:00:00,5.92,312.8,46.91,502,0.00012,99.9479
2026-08-05T00:15:00,14.28,321.5,52.32,620,0.00017,99.9889
2026-08-05T00:30:00,10.28,315.7,36.71,389,7.3e-05,99.9026
2026-08-05T00:45:00,11.37,285.5,44.15,335,6.9e-05,99.9189
2026-08-05T01:00:00,10.71,312.1,38.99,273,5.4e-05,99.9567
2026-08-05T01:15:00,12.18,267.0,37.97,609,0.0001,99.9666
2026-08-05T01:30:00,10.97,327.4,40.02,225,4.8e-05,99.9868
2026-08-05T01:45:00,10.34,307.0,43.17,251,5.4e-05,99.9475
2026-08-05T02:00:00,11.56,305.5,27.45,501,6.8e-05,99.95
2026-08-05T02:15:00,18.95,380.9,51.78,897,0.000288,99.9488
2026-08-05T02:30:00,10.82,323.8,46.07,775,0.000188,99.9516
2026-08-05T02:45:00,5.0,276.7,31.58,519,7.4e-05,99.9289
2026-08-05T03:00:00,6.12,310.0,28.5,354,5.1e-05,99.9461
2026-08-05T03:15:00,13.56,336.9,51.92,673,0.000192,99.9907
2026-08-05T03:30:00,5.0,301.0,25.1,364,4.5e-05,99.965
2026-08-05T03:45:00,7.21,310.4,28.73,154,2.2e-05,99.9236
2026-08-05T04:00:00,15.14,324.2,42.08,764,0.00017,99.9702
2026-08-05T04:15:00,6.74,305.5,43.27,726,0.000156,99.9288
2026-08-05T04:30:00,5.0,279.8,42.97,281,5.5e-05,99.9737
2026-08-05T04:45:00,11.09,308.0,35.28,537,9.5e-05,99.9497
2026-08-05T05:00:00,10.36,376.9,54.58,772,0.000258,99.9197
2026-08-05T05:15:00,9.17,365.8,49.8,925,0.000274,99.9417
2026-08-05T05:30:00,19.67,321.7,38.51,651,0.000131,99.9413
2026-08-05T05:45:00,7.32,298.7,35.25,495,8.5e-05,99.9434
2026-08-05T06:00:00,39.81,436.4,88.78,1896,0.001196,99.9118
2026-08-05T06:15:00,44.87,586.7,88.26,2544,0.002144,99.984
2026-08-05T06:30:00,39.15,506.2,125.31,2555,0.002638,99.9632
2026-08-05T06:45:00,36.48,565.1,112.74,2852,0.002957,99.9348
2026-08-05T07:00:00,36.99,484.8,92.25,1928,0.001403,99.9435
2026-08-05T07:15:00,44.28,632.7,132.36,3245,0.004423,99.9555
2026-08-05T07:30:00,54.18,602.1,142.84,2974,0.004163,99.9496
2026-08-05T07:45:00,51.85,592.6,130.24,3040,0.003819,99.9224
2026-08-05T08:00:00,52.07,586.5,144.65,3004,0.004148,99.9508
2026-08-05T08:15:00,39.72,535.3,97.6,2089,0.001776,99.9508
2026-08-05T08:30:00,35.75,524.2,97.49,2280,0.001897,99.9541
2026-08-05T08:45:00,52.65,544.5,171.82,2979,0.004536,99.9555
2026-08-05T09:00:00,31.15,480.4,120.62,2331,0.002198,99.9326
2026-08-05T09:15:00,27.53,461.3,107.63,1762,0.001424,99.9577
2026-08-05T09:30:00,32.91,436.5,92.71,1859,0.001224,99.9471
2026-08-05T09:45:00,33.9,449.0,79.41,1649,0.000957,99.9662
2026-08-05T10:00:00,61.86,633.7,169.65,3629,0.00635,99.969
2026-08-05T10:15:00,68.22,614.7,158.79,3796,0.006031,99.9543
2026-08-05T10:30:00,78.65,752.7,172.57,4631,0.009791,99.9407
2026-08-05T10:45:00,77.63,694.5,206.93,4438,0.010381,99.8621
2026-08-05T11:00:00,75.94,751.6,211.64,4406,0.011407,99.8097
2026-08-05T11:15:00,82.35,707.6,193.05,4707,0.010466,99.8284
2026-08-05T11:30:00,64.2,661.4,183.4,3274,0.006464,99.8908
2026-08-05T11:45:00,73.73,640.4,130.91,3835,0.005233,99.9482
2026-08-05T12:00:00,54.4,611.5,137.38,3396,0.004643,99.9127
2026-08-05T12:15:00,65.36,672.7,177.31,3782,0.007342,99.8853
2026-08-05T12:30:00,85.41,764.3,169.05,4643,0.009764,99.8713
2026-08-05T12:45:00,76.46,696.2,189.84,3964,0.008527,99.9248
2026-08-05T13:00:00,82.23,781.2,247.3,4461,0.014028,99.9539
2026-08-05T13:15:00,60.49,636.0,144.71,3645,0.00546,99.8934
2026-08-05T13:30:00,67.93,688.8,155.18,3787,0.006588,99.9542
2026-08-05T13:45:00,71.97,735.3,154.75,4466,0.008271,99.8885
2026-08-05T14:00:00,59.99,609.8,160.08,3613,0.00574,99.9082
2026-08-05T14:15:00,86.98,747.7,248.65,4449,0.013463,99.9305
2026-08-05T14:30:00,54.08,587.3,157.95,3026,0.004569,99.9544
2026-08-05T14:45:00,84.79,718.7,210.84,4479,0.011046,99.8275
2026-08-05T15:00:00,79.36,728.2,186.14,4576,0.010095,99.8332
2026-08-05T15:15:00,81.84,750.0,192.17,4647,0.010902,99.9403
2026-08-05T15:30:00,80.57,771.0,184.77,4837,0.011216,99.8635
2026-08-05T15:45:00,60.37,630.6,159.43,3867,0.006328,99.9015
2026-08-05T16:00:00,74.5,702.5,212.9,4127,0.010046,99.8186
2026-08-05T16:15:00,88.09,768.7,233.14,4838,0.014113,99.8083
2026-08-05T16:30:00,70.41,667.3,124.03,3698,0.004982,99.8938
2026-08-05T16:45:00,58.24,583.5,133.3,3163,0.004004,99.9092
2026-08-05T17:00:00,76.36,708.5,216.69,4201,0.010497,99.8223
2026-08-05T17:15:00,60.7,623.9,110.6,3427,0.003849,99.9608
2026-08-05T17:30:00,57.78,587.7,147.18,3139,0.004419,99.9263
2026-08-05T17:45:00,76.76,631.5,136.53,4194,0.005886,99.9431
2026-08-05T18:00:00,51.47,574.8,136.29,2864,0.003652,99.9563
2026-08-05T18:15:00,48.18,505.8,117.67,2444,0.002368,99.9161
2026-08-05T18:30:00,44.7,535.5,122.43,2385,0.002545,99.9509
2026-08-05T18:45:00,46.82,553.4,116.31,2620,0.002745,99.9313
2026-08-05T19:00:00,39.21,500.9,109.53,2398,0.002141,99.9676
2026-08-05T19:15:00,51.31,550.7,103.85,2881,0.002682,99.9808
2026-08-05T19:30:00,34.56,505.9,115.74,2418,0.002304,99.9451
2026-08-05T19:45:00,51.47,525.1,154.99,2865,0.003795,99.9495
2026-08-05T20:00:00,56.41,618.7,149.16,2903,0.00436,99.9544
2026-08-05T20:15:00,39.48,445.1,85.69,1723,0.00107,99.9716
2026-08-05T20:30:00,30.52,465.7,124.38,1879,0.001771,99.9347
2026-08-05T20:45:00,25.3,421.3,90.23,1545,0.000956,99.9434
2026-08-05T21:00:00,31.34,446.4,80.64,1712,0.001003,99.9466
2026-08-05T21:15:00,38.66,481.5,103.64,1932,0.001569,99.9566
2026-08-05T21:30:00,33.43,466.4,79.9,1818,0.001103,99.9452
2026-08-05T21:45:00,27.55,453.5,113.78,1731,0.001454,99.9513
2026-08-05T22:00:00,22.95,350.4,64.58,1177,0.000433,99.918
2026-08-05T22:15:00,9.75,324.6,60.21,529,0.000168,99.9714
2026-08-05T22:30:00,13.41,321.5,43.31,452,0.000102,99.9494
2026-08-05T22:45:00,19.61,402.5,53.71,1275,0.000449,99.9665
2026-08-05T23:00:00,17.22,345.9,55.79,812,0.000255,99.9084
2026-08-05T23:15:00,19.1,356.2,37.42,581,0.000126,99.9213
2026-08-05T23:30:00,19.34,336.0,45.6,719,0.000179,99.9197
2026-08-05T23:45:00,16.15,362.9,68.47,1355,0.000548,99.9555
2026-08-06T00:00:00,21.07,378.9,57.69,944,0.000336,99.9649
2026-08-06T00:15:00,9.14,290.8,28.85,294,4e-05,99.938
2026-08-06T00:30:00,14.15,377.4,54.27,880,0.000293,99.942
2026-08-06T00:45:00,6.09,279.5,45.61,73,1.5e-05,99.9287
2026-08-06T01:00:00,9.24,318.2,35.98,36,7e-06,99.9707
2026-08-06T01:15:00,9.43,313.6,36.68,318,6e-05,99.9341
2026-08-06T01:30:00,8.63,279.0,38.93,281,5e-05,99.9672
2026-08-06T01:45:00,15.76,310.0,51.31,775,0.000201,99.95
2026-08-06T02:00:00,10.35,350.4,48.03,890,0.000244,99.9681
2026-08-06T02:15:00,5.0,261.2,32.12,155,2.1e-05,99.9345
2026-08-06T02:30:00,17.72,354.2,47.88,848,0.000234,99.9749
2026-08-06T02:45:00,5.0,302.2,35.27,492,8.5e-05,99.9594
2026-08-06T03:00:00,17.69,353.8,54.76,1075,0.000339,99.9327
2026-08-06T03:15:00,16.97,357.7,54.97,1058,0.000339,99.933
2026-08-06T03:30:00,6.18,335.8,48.38,642,0.00017,99.9254
2026-08-06T03:45:00,5.0,297.5,25.88,0,0.0,99.9476
2026-08-06T04:00:00,6.25,284.8,28.57,499,6.6e-05,99.9675
2026-08-06T04:15:00,5.97,340.4,34.34,459,8.7e-05,100.0
2026-08-06T04:30:00,19.38,371.5,50.95,701,0.000216,99.9406
2026-08-06T04:45:00,21.15,373.7,47.87,923,0.000269,99.9767
2026-08-06T05:00:00,5.0,254.1,28.66,143,1.7e-05,99.9192
2026-08-06T05:15:00,8.21,292.6,42.89,271,5.5e-05,99.9373
2026-08-06T05:30:00,11.36,299.9,46.57,317,7.2e-05,99.9455
2026-08-06T05:45:00,5.97,303.1,40.75,410,8.2e-05,99.9639
2026-08-06T06:00:00,34.92,458.1,96.61,2002,0.001442,99.9536
2026-08-06T06:15:00,50.17,590.3,105.78,2827,0.002873,99.9445
2026-08-06T06:30:00,48.36,584.4,142.02,2743,0.003705,100.0
2026-08-06T06:45:00,34.79,498.4,100.81,1940,0.001586,99.9261
2026-08-06T07:00:00,57.24,552.4,110.37,2731,0.00271,99.924
2026-08-06T07:15:00,47.97,551.0,136.17,2758,0.003368,99.9383
2026-08-06T07:30:00,31.15,476.6,85.53,1902,0.001262,99.9367
2026-08-06T07:45:00,36.63,492.5,108.07,2134,0.001849,99.9558
2026-08-06T08:00:00,51.08,558.7,116.44,2960,0.003134,99.9537
2026-08-06T08:15:00,31.94,490.6,101.89,1835,0.001493,99.9625
2026-08-06T08:30:00,32.91,466.8,82.02,1893,0.00118,99.9504
2026-08-06T08:45:00,50.25,590.9,136.5,3035,0.003984,99.931
2026-08-06T09:00:00,45.5,539.3,124.69,2862,0.003132,99.9916
2026-08-06T09:15:00,34.73,485.5,137.4,2299,0.002496,99.9326
2026-08-06T09:30:00,58.45,570.1,134.4,3004,0.003746,99.9615
2026-08-06T09:45:00,53.36,589.4,134.98,2932,0.003797,99.9198
2026-08-06T10:00:00,84.93,758.9,168.51,4180,0.0087,99.805
2026-08-06T10:15:00,69.92,705.3,190.34,4417,0.009651,99.8344
2026-08-06T10:30:00,72.29,704.1,144.38,4194,0.00694,99.9581
2026-08-06T10:45:00,71.8,659.9,141.58,3818,0.005806,99.9305
2026-08-06T11:00:00,83.64,738.6,238.19,4811,0.013776,99.8611
2026-08-06T11:15:00,72.95,686.8,185.7,3971,0.008243,99.878
2026-08-06T11:30:00,65.65,596.3,143.33,3218,0.004477,99.8785
2026-08-06T11:45:00,83.32,720.8,183.18,4716,0.010135,99.8457
2026-08-06T12:00:00,62.56,631.4,167.59,3787,0.006522,99.9126
2026-08-06T12:15:00,81.42,759.7,134.94,4630,0.007725,99.8668
2026-08-06T12:30:00,69.14,659.5,134.5,3619,0.005225,99.9385
2026-08-06T12:45:00,72.16,690.8,202.35,4065,0.009248,99.851
2026-08-06T13:00:00,70.36,709.5,192.09,4073,0.009035,99.9376
2026-08-06T13:15:00,75.97,735.0,131.84,4393,0.006928,99.9085
2026-08-06T13:30:00,65.64,663.8,180.69,3982,0.007774,99.9196
2026-08-06T13:45:00,65.84,626.1,144.77,3442,0.005078,99.9349
2026-08-06T14:00:00,68.06,686.6,203.7,4109,0.009353,99.8243
2026-08-06T14:15:00,80.34,721.5,215.75,4266,0.010808,99.8734
2026-08-06T14:30:00,76.88,681.7,195.0,4388,0.009494,99.9041
2026-08-06T14:45:00,83.67,704.9,147.88,4161,0.00706,99.8878
2026-08-06T15:00:00,59.74,603.7,157.71,3147,0.004877,99.9206
2026-08-06T15:15:00,84.77,757.6,164.1,4903,0.009921,99.8772
2026-08-06T15:30:00,69.27,670.7,143.44,3800,0.00595,99.8931
2026-08-06T15:45:00,76.73,696.9,147.83,3784,0.006345,99.928
2026-08-06T16:00:00,64.47,627.1,149.12,3447,0.005246,99.9298
2026-08-06T16:15:00,60.14,625.8,125.92,3404,0.004366,99.9438
2026-08-06T16:30:00,85.07,745.1,210.73,4699,0.012009,99.938
2026-08-06T16:45:00,62.34,661.2,145.2,3527,0.005512,99.9125
2026-08-06T17:00:00,78.69,718.6,232.5,4218,0.01147,99.9375
2026-08-06T17:15:00,74.15,743.4,224.54,4433,0.012044,99.9306
2026-08-06T17:30:00,69.24,689.6,178.53,3945,0.007906,99.8862
2026-08-06T17:45:00,59.59,588.3,151.0,3625,0.005241,99.9333
2026-08-06T18:00:00,36.46,473.1,102.72,1566,0.001239,99.9545
2026-08-06T18:15:00,37.34,539.0,116.71,2466,0.002525,99.9857
2026-08-06T18:30:00,44.31,539.0,127.74,2585,0.002897,99.9588
2026-08-06T18:45:00,43.15,518.8,98.46,2477,0.002059,99.9357
2026-08-06T19:00:00,35.86,438.8,94.45,1964,0.001325,99.9328
2026-08-06T19:15:00,32.77,500.1,118.07,2128,0.002045,99.9893
2026-08-06T19:30:00,39.58,530.1,106.38,2135,0.00196,99.9548
2026-08-06T19:45:00,34.7,491.7,116.21,2082,0.001936,99.9759
2026-08-06T20:00:00,44.93,520.3,95.78,2816,0.002284,99.9573
2026-08-06T20:15:00,42.33,467.4,97.05,2232,0.001648,99.9386
2026-08-06T20:30:00,90.58,804.1,189.97,4821,0.011986,99.9216
2026-08-06T20:45:00,40.09,475.9,91.36,2185,0.001546,99.9238
2026-08-06T21:00:00,51.13,563.9,142.86,3251,0.004262,99.9555
2026-08-06T21:15:00,27.51,425.9,83.9,1748,0.001017,99.9547
2026-08-06T21:30:00,75.44,667.8,150.04,3987,0.006502,99.8882
2026-08-06T21:45:00,30.77,437.6,110.61,1898,0.001495,99.9406
2026-08-06T22:00:00,22.81,397.7,85.57,1320,0.000731,99.9486
2026-08-06T22:15:00,14.39,304.8,56.46,704,0.000197,99.9026
2026-08-06T22:30:00,17.91,383.0,82.66,1280,0.000659,99.9542
2026-08-06T22:45:00,18.16,379.8,76.14,1476,0.000695,99.9517
2026-08-06T23:00:00,15.66,313.0,41.1,674,0.000141,99.9732
2026-08-06T23:15:00,7.33,308.3,40.89,360,7.4e-05,99.9171
2026-08-06T23:30:00,6.1,317.7,44.55,479,0.00011,99.9787
2026-08-06T23:45:00,21.99,410.5,87.21,1424,0.00083,99.9402
2026-08-07T00:00:00,5.12,289.3,43.59,595,0.000122,99.9367
2026-08-07T00:15:00,6.8,323.1,45.06,474,0.000112,99.9531
2026-08-07T00:30:00,16.96,295.1,24.02,619,7.1e-05,99.964
2026-08-07T00:45:00,5.45,332.4,38.14,214,4.4e-05,99.9534
2026-08-07T01:00:00,9.69,308.8,52.34,567,0.000149,99.9204
2026-08-07T01:15:00,5.92,267.0,27.42,160,1.9e-05,99.9399
2026-08-07T01:30:00,5.82,328.7,38.67,766,0.000158,99.9576
2026-08-07T01:45:00,15.02,307.9,42.68,641,0.000137,99.9692
2026-08-07T02:00:00,6.8,313.7,30.47,465,7.2e-05,99.9808
2026-08-07T02:15:00,14.18,303.6,38.26,639,0.000121,99.9489
2026-08-07T02:30:00,11.59,304.8,35.24,538,9.4e-05,99.9254
2026-08-07T02:45:00,8.67,258.3,31.57,154,2e-05,99.9556
2026-08-07T03:00:00,11.66,302.9,41.68,509,0.000105,99.9845
2026-08-07T03:15:00,5.0,289.5,31.8,409,6.1e-05,99.9316
2026-08-07T03:30:00,12.12,291.5,42.91,808,0.000164,99.9424
2026-08-07T03:45:00,5.0,279.7,39.58,98,1.8e-05,99.9331
2026-08-07T04:00:00,5.64,304.4,29.99,405,6e-05,99.9402
2026-08-07T04:15:00,7.41,298.4,47.21,711,0.000163,99.9456
2026-08-07T04:30:00,5.77,266.6,41.33,287,5.1e-05,99.9606
2026-08-07T04:45:00,6.73,307.8,27.63,462,6.4e-05,99.9533
2026-08-07T05:00:00,13.82,351.9,40.93,532,0.000125,99.9445
2026-08-07T05:15:00,10.68,329.3,44.39,662,0.000158,99.9553
2026-08-07T05:30:00,5.0,355.8,46.18,829,0.000222,99.9003
2026-08-07T05:45:00,16.73,312.1,42.01,615,0.000131,99.9306
2026-08-07T06:00:00,41.75,532.8,82.03,2366,0.001683,99.9322
2026-08-07T06:15:00,37.74,511.9,97.05,2133,0.001725,99.935
2026-08-07T06:30:00,89.3,760.5,231.78,4809,0.013798,99.9063
2026-08-07T06:45:00,39.76,474.0,97.42,2345,0.001762,99.978
2026-08-07T07:00:00,39.35,515.9,105.78,2495,0.002216,99.9807
2026-08-07T07:15:00,43.32,538.7,87.27,2414,0.001847,99.9704
2026-08-07T07:30:00,30.78,442.2,90.15,2150,0.001395,99.9515
2026-08-07T07:45:00,31.75,446.5,91.17,1722,0.001141,99.9815
2026-08-07T08:00:00,51.02,565.8,113.61,2835,0.002966,99.9715
2026-08-07T08:15:00,28.17,487.8,135.37,2396,0.002575,99.948
2026-08-07T08:30:00,46.96,556.8,143.67,2564,0.003338,99.9548
2026-08-07T08:45:00,47.54,556.1,104.46,2783,0.002631,99.9448
2026-08-07T09:00:00,30.25,498.5,83.76,2382,0.001619,99.9433
2026-08-07T09:15:00,49.06,554.3,108.82,2581,0.002534,99.9785
2026-08-07T09:30:00,36.65,455.1,108.83,2104,0.001696,99.9445
2026-08-07T09:45:00,38.95,478.3,96.0,2330,0.001741,99.9591
2026-08-07T10:00:00,68.19,680.2,172.95,3973,0.007608,99.9809
2026-08-07T10:15:00,68.11,681.7,143.95,4190,0.006692,99.9051
2026-08-07T10:30:00,84.76,728.6,180.74,4806,0.010301,99.8398
2026-08-07T10:45:00,83.66,734.4,202.9,4597,0.011149,99.9097
2026-08-07T11:00:00,64.4,688.4,184.94,3606,0.007472,99.956
2026-08-07T11:15:00,65.85,664.5,153.74,3492,0.005806,99.9579
2026-08-07T11:30:00,81.19,774.2,171.56,4402,0.009516,99.8687
2026-08-07T11:45:00,70.95,675.0,204.84,4186,0.009421,99.9622
2026-08-07T12:00:00,81.98,728.9,176.7,4529,0.009494,99.8795
2026-08-07T12:15:00,65.87,682.3,194.49,3958,0.008549,99.8988
2026-08-07T12:30:00,62.72,621.0,152.66,3420,0.005277,99.9413
2026-08-07T12:45:00,64.66,662.0,143.34,3795,0.005861,99.9367
2026-08-07T13:00:00,88.62,776.5,177.78,4687,0.010531,99.8713
2026-08-07T13:15:00,66.18,612.7,153.61,3329,0.0051,99.9127
2026-08-07T13:30:00,76.3,718.9,159.07,4316,0.008034,99.9479
2026-08-07T13:45:00,65.69,669.6,158.06,3535,0.00609,99.953
2026-08-07T14:00:00,74.28,713.5,188.9,3998,0.00877,99.933
2026-08-07T14:15:00,66.02,686.7,158.52,3314,0.005872,99.9279
2026-08-07T14:30:00,64.7,639.3,171.55,3418,0.006101,99.9121
2026-08-07T14:45:00,81.11,773.0,201.79,4768,0.012104,99.8773
2026-08-07T15:00:00,65.57,641.6,183.9,3390,0.00651,99.9171
2026-08-07T15:15:00,77.44,698.0,160.5,4402,0.008027,99.8309
2026-08-07T15:30:00,78.84,703.9,145.65,4313,0.007197,99.9148
2026-08-07T15:45:00,56.03,627.0,149.22,3526,0.005369,99.9154
2026-08-07T16:00:00,59.26,615.3,140.82,3236,0.004563,99.8964
2026-08-07T16:15:00,75.66,698.3,195.81,4056,0.009027,99.9442
2026-08-07T16:30:00,70.89,696.2,128.26,4077,0.005925,99.9474
2026-08-07T16:45:00,73.6,685.4,200.57,3929,0.008791,99.9314
2026-08-07T17:00:00,79.9,724.0,172.12,4286,0.008693,99.8862
2026-08-07T17:15:00,60.82,620.7,136.3,3322,0.004574,99.9414
2026-08-07T17:30:00,57.79,615.2,141.82,2902,0.004121,99.9903
2026-08-07T17:45:00,86.1,756.3,190.98,4651,0.010934,99.8734
2026-08-07T18:00:00,27.71,435.5,74.56,1695,0.000896,99.9178
2026-08-07T18:15:00,34.04,483.2,92.71,1860,0.001356,99.9449
2026-08-07T18:30:00,35.45,434.5,111.26,1996,0.00157,99.9698
2026-08-07T18:45:00,36.88,455.5,72.92,2370,0.001281,99.9548
2026-08-07T19:00:00,38.29,572.3,130.57,2691,0.003273,99.9665
2026-08-07T19:15:00,30.84,419.7,101.39,2060,0.001427,99.952
2026-08-07T19:30:00,41.42,523.8,102.68,2557,0.002238,99.9396
2026-08-07T19:45:00,52.62,596.1,109.39,3316,0.003519,99.921
2026-08-07T20:00:00,47.48,554.9,150.53,3114,0.004233,99.9453
2026-08-07T20:15:00,38.07,472.6,89.49,2246,0.001546,99.9647
2026-08-07T20:30:00,36.66,449.1,82.26,1873,0.001126,99.9661
2026-08-07T20:45:00,53.97,546.8,153.78,2752,0.003766,99.9484
2026-08-07T21:00:00,60.83,624.9,152.32,3048,0.004722,99.9044
2026-08-07T21:15:00,29.33,476.8,74.56,1880,0.001088,99.909
2026-08-07T21:30:00,31.58,515.1,134.29,2060,0.002319,99.9448
2026-08-07T21:45:00,39.35,453.8,70.5,1813,0.000944,99.9757
2026-08-07T22:00:00,10.98,313.4,43.32,543,0.00012,99.9228
2026-08-07T22:15:00,20.52,394.0,54.74,1227,0.000431,99.96
2026-08-07T22:30:00,12.21,312.0,30.89,639,0.0001,99.9836
2026-08-07T22:45:00,9.13,354.0,39.28,410,9.3e-05,99.9511
2026-08-07T23:00:00,15.31,357.3,53.74,773,0.000242,99.9394
2026-08-07T23:15:00,26.2,342.9,61.6,1234,0.000424,99.9264
2026-08-07T23:30:00,28.95,370.9,46.15,895,0.000249,99.9476
2026-08-07T23:45:00,12.19,375.9,58.73,872,0.000313,99.9602
2026-08-08T00:00:00,5.0,322.4,45.42,562,0.000134,99.9736
2026-08-08T00:15:00,11.87,318.5,38.28,553,0.00011,99.9382
2026-08-08T00:30:00,5.0,281.4,22.08,75,8e-06,99.9566
2026-08-08T00:45:00,8.67,312.7,25.11,236,3e-05,99.9399
2026-08-08T01:00:00,5.0,295.1,21.85,369,3.9e-05,99.9012
2026-08-08T01:15:00,5.0,293.9,21.17,105,1.1e-05,99.9383
2026-08-08T01:30:00,6.43,306.7,24.69,271,3.3e-05,99.9525
2026-08-08T01:45:00,5.0,309.3,38.19,332,6.4e-05,99.9394
2026-08-08T02:00:00,5.64,291.9,35.52,267,4.5e-05,99.9307
2026-08-08T02:15:00,5.0,278.1,29.93,121,1.6e-05,99.9418
2026-08-08T02:30:00,8.98,300.5,33.63,351,5.8e-05,99.968
2026-08-08T02:45:00,5.0,315.5,38.09,424,8.3e-05,99.9562
2026-08-08T03:00:00,5.76,277.2,37.08,343,5.7e-05,99.9247
2026-08-08T03:15:00,11.13,308.4,46.04,505,0.000117,99.9552
2026-08-08T03:30:00,5.25,301.4,31.0,215,3.3e-05,99.926
2026-08-08T03:45:00,7.05,328.4,42.31,139,3.1e-05,99.9072
2026-08-08T04:00:00,16.97,270.0,31.65,552,7.7e-05,99.9401
2026-08-08T04:15:00,14.63,334.9,47.35,363,9.4e-05,99.9465
2026-08-08T04:30:00,5.0,274.1,33.66,355,5.3e-05,99.9777
2026-08-08T04:45:00,5.0,299.6,12.83,78,5e-06,99.9593
2026-08-08T05:00:00,9.51,298.1,32.67,645,0.000102,99.9416
2026-08-08T05:15:00,15.91,307.6,53.23,620,0.000165,99.9468
2026-08-08T05:30:00,5.0,304.9,34.79,85,1.5e-05,99.936
2026-08-08T05:45:00,5.0,282.7,34.45,447,7.1e-05,99.9298
2026-08-08T06:00:00,27.25,462.6,75.77,1819,0.001038,99.9579
2026-08-08T06:15:00,35.96,405.2,110.11,1691,0.001228,99.9549
2026-08-08T06:30:00,35.75,432.4,75.76,1986,0.001059,99.972
2026-08-08T06:45:00,23.62,448.8,83.12,1506,0.000914,99.9503
2026-08-08T07:00:00,25.48,421.8,86.95,1568,0.000936,99.9577
2026-08-08T07:15:00,15.93,381.0,73.56,1516,0.000692,99.9922
2026-08-08T07:30:00,29.41,420.0,97.28,1439,0.000957,99.9778
2026-08-08T07:45:00,17.6,345.1,65.82,1109,0.00041,99.9497
2026-08-08T08:00:00,30.7,444.7,84.04,1823,0.001109,99.9209
2026-08-08T08:15:00,21.87,376.3,87.81,1235,0.000664,99.9618
2026-08-08T08:30:00,20.22,392.6,71.5,1343,0.000614,99.9778
2026-08-08T08:45:00,26.25,400.6,82.36,1599,0.000859,99.9743
2026-08-08T09:00:00,27.15,401.6,61.22,1390,0.000556,99.9654
2026-08-08T09:15:00,31.48,445.7,83.87,1678,0.001021,99.9743
2026-08-08T09:30:00,25.19,391.9,68.86,1775,0.00078,99.9431
2026-08-08T09:45:00,20.21,413.5,62.48,1654,0.000696,99.977
2026-08-08T10:00:00,43.73,562.9,119.77,2636,0.002893,99.9516
2026-08-08T10:15:00,51.35,565.3,113.19,2670,0.002781,99.9219
2026-08-08T10:30:00,46.28,541.9,103.46,2688,0.002453,99.9381
2026-08-08T10:45:00,47.45,544.7,125.21,2756,0.00306,99.9175
2026-08-08T11:00:00,40.27,466.9,89.62,2290,0.00156,99.9317
2026-08-08T11:15:00,47.06,540.6,156.43,2632,0.003623,99.931
2026-08-08T11:30:00,38.1,498.4,103.29,2259,0.001893,99.9737
2026-08-08T11:45:00,39.64,483.2,113.38,2403,0.002143,99.9388
2026-08-08T12:00:00,55.9,581.6,128.81,2690,0.00328,99.9206
2026-08-08T12:15:00,34.98,498.2,73.88,1961,0.001175,99.9497
2026-08-08T12:30:00,31.87,467.6,87.38,1973,0.001312,99.9427
2026-08-08T12:45:00,40.16,500.9,149.59,2055,0.002506,99.9727
2026-08-08T13:00:00,51.01,495.7,96.55,2263,0.001763,99.9447
2026-08-08T13:15:00,46.64,504.0,81.41,2236,0.001493,99.9807
2026-08-08T13:30:00,47.42,529.6,115.4,2878,0.002863,99.9315
2026-08-08T13:45:00,48.38,534.4,131.01,2795,0.003185,99.9325
2026-08-08T14:00:00,34.87,462.9,98.34,2039,0.001511,99.9459
2026-08-08T14:15:00,36.4,527.4,118.35,2169,0.002203,99.9611
2026-08-08T14:30:00,44.98,546.2,97.25,2656,0.002296,99.9322
2026-08-08T14:45:00,37.62,441.5,83.94,2074,0.001251,99.9735
2026-08-08T15:00:00,33.06,540.9,83.19,2188,0.001602,99.9674
2026-08-08T15:15:00,48.47,523.2,66.63,2827,0.001604,99.9464
2026-08-08T15:30:00,42.77,500.2,81.57,2383,0.001583,99.9578
2026-08-08T15:45:00,44.06,521.3,119.36,2366,0.002396,99.9789
2026-08-08T16:00:00,35.13,512.3,71.72,2526,0.001511,99.9549
2026-08-08T16:15:00,30.63,459.4,69.41,1858,0.000964,99.9472
2026-08-08T16:30:00,53.15,526.0,116.29,2153,0.002143,99.9481
2026-08-08T16:45:00,43.79,508.2,117.92,2324,0.002267,99.9888
2026-08-08T17:00:00,35.85,481.0,99.35,2019,0.001571,99.9555
2026-08-08T17:15:00,42.75,543.2,83.52,2543,0.001878,99.957
2026-08-08T17:30:00,38.39,490.6,120.28,2007,0.001928,99.9516
2026-08-08T17:45:00,48.83,522.4,98.6,2356,0.001975,99.9238
2026-08-08T18:00:00,16.9,384.3,61.19,857,0.000328,99.9309
2026-08-08T18:15:00,27.85,453.3,100.0,1960,0.001446,99.9534
2026-08-08T18:30:00,30.61,397.7,95.79,1481,0.000918,99.9175
2026-08-08T18:45:00,16.85,414.7,64.23,1373,0.000595,99.959
2026-08-08T19:00:00,28.83,390.9,77.45,1374,0.000677,99.9562
2026-08-08T19:15:00,31.83,398.6,74.87,1615,0.000784,99.9473
2026-08-08T19:30:00,16.69,377.2,59.72,1188,0.000436,99.9587
2026-08-08T19:45:00,32.47,475.1,60.33,1666,0.000777,99.9261
2026-08-08T20:00:00,23.69,395.9,71.36,997,0.000458,99.9917
2026-08-08T20:15:00,26.75,381.7,86.17,1390,0.000744,99.9154
2026-08-08T20:30:00,27.71,369.4,64.11,1326,0.000511,99.981
2026-08-08T20:45:00,26.81,445.2,79.89,1323,0.000766,99.9715
2026-08-08T21:00:00,23.44,400.8,67.57,1437,0.000634,99.9516
2026-08-08T21:15:00,24.9,420.8,73.27,1738,0.000872,99.9615
2026-08-08T21:30:00,23.49,379.7,51.31,955,0.000303,99.942
2026-08-08T21:45:00,25.85,406.6,73.91,1774,0.000868,99.9414
2026-08-08T22:00:00,10.9,279.1,39.74,536,9.7e-05,99.9854
2026-08-08T22:15:00,7.92,333.6,38.9,502,0.000106,99.9316
2026-08-08T22:30:00,15.72,338.9,47.11,637,0.000166,99.917
2026-08-08T22:45:00,13.42,345.6,46.41,744,0.000194,99.9788
2026-08-08T23:00:00,13.18,348.3,41.92,623,0.000148,99.9584
2026-08-08T23:15:00,14.46,323.7,46.52,578,0.000142,99.9457
2026-08-08T23:30:00,5.0,340.3,44.43,607,0.000149,99.9514
2026-08-08T23:45:00,5.16,283.0,28.54,222,2.9e-05,99.9134
2026-08-09T00:00:00,5.0,275.7,31.64,378,5.4e-05,99.906
2026-08-09T00:15:00,5.0,281.9,27.91,286,3.7e-05,99.9553
2026-08-09T00:30:00,11.18,331.4,39.38,422,9e-05,99.9142
2026-08-09T00:45:00,5.0,248.8,32.52,463,6.1e-05,99.9466
2026-08-09T01:00:00,5.0,281.3,34.87,56,9e-06,99.9524
2026-08-09T01:15:00,5.0,299.9,34.55,225,3.8e-05,99.926
2026-08-09T01:30:00,7.68,293.9,36.36,164,2.9e-05,99.9506
2026-08-09T01:45:00,11.38,353.4,50.87,800,0.000234,99.9365
2026-08-09T02:00:00,7.76,295.9,34.0,352,5.8e-05,99.9098
2026-08-09T02:15:00,12.17,309.5,40.93,608,0.000125,99.9414
2026-08-09T02:30:00,11.47,307.8,43.27,606,0.000131,99.9656
2026-08-09T02:45:00,10.52,313.0,47.26,407,9.8e-05,99.9365
2026-08-09T03:00:00,5.0,232.0,25.91,242,2.4e-05,99.9471
2026-08-09T03:15:00,6.44,284.5,37.78,508,8.9e-05,99.9183
2026-08-09T03:30:00,5.1,267.7,27.1,0,0.0,99.9817
2026-08-09T03:45:00,13.73,298.5,40.38,396,7.8e-05,99.9341
2026-08-09T04:00:00,13.85,326.2,41.8,374,8.3e-05,99.9541
2026-08-09T04:15:00,10.69,321.8,42.28,210,4.7e-05,99.9555
2026-08-09T04:30:00,5.0,237.5,28.25,277,3e-05,99.9475
2026-08-09T04:45:00,5.0,265.8,28.26,29,4e-06,99.9847
2026-08-09T05:00:00,5.0,278.2,41.92,753,0.000143,99.9552
2026-08-09T05:15:00,7.76,337.6,39.07,577,0.000124,99.9362
2026-08-09T05:30:00,8.21,322.8,26.89,307,4.3e-05,99.9405
2026-08-09T05:45:00,16.01,381.8,58.91,978,0.000358,99.9448
2026-08-09T06:00:00,28.18,377.0,67.03,1499,0.000617,99.947
2026-08-09T06:15:00,28.82,442.2,89.09,1601,0.001027,99.943
2026-08-09T06:30:00,22.91,369.9,73.3,1389,0.000613,99.917
2026-08-09T06:45:00,33.15,448.9,74.08,1556,0.000842,99.9563
2026-08-09T07:00:00,33.84,431.6,98.93,1783,0.001239,99.944
2026-08-09T07:15:00,35.74,415.4,70.86,1655,0.000793,99.9278
2026-08-09T07:30:00,14.87,331.3,66.11,1147,0.000409,99.936
2026-08-09T07:45:00,17.93,408.4,69.6,1278,0.000591,100.0
2026-08-09T08:00:00,12.12,391.9,43.76,1031,0.000288,99.9583
2026-08-09T08:15:00,27.7,381.0,79.76,1193,0.00059,99.9571
2026-08-09T08:30:00,21.11,393.6,65.09,1087,0.000453,99.9337
2026-08-09T08:45:00,26.67,455.0,70.76,1596,0.000836,99.9473
2026-08-09T09:00:00,38.98,466.3,78.92,2143,0.001284,99.9624
2026-08-09T09:15:00,30.55,444.9,70.04,1523,0.000773,99.9381
2026-08-09T09:30:00,35.18,466.5,71.15,1920,0.001037,99.9481
2026-08-09T09:45:00,32.58,471.1,80.03,1644,0.001009,99.9597
2026-08-09T10:00:00,39.53,508.0,124.81,2386,0.002462,99.9465
2026-08-09T10:15:00,49.25,539.1,140.72,2920,0.003605,99.9437
2026-08-09T10:30:00,31.67,464.1,111.33,1811,0.001523,99.9382
2026-08-09T10:45:00,58.63,540.1,112.79,2721,0.002698,99.9558
2026-08-09T11:00:00,38.63,502.5,98.41,2175,0.00175,99.9425
2026-08-09T11:15:00,43.16,504.6,115.6,2381,0.002261,99.9402
2026-08-09T11:30:00,38.67,514.0,135.87,2382,0.002707,99.9677
2026-08-09T11:45:00,45.19,519.6,157.65,2777,0.003703,99.9468
2026-08-09T12:00:00,39.38,459.6,87.07,1794,0.001168,99.9589
2026-08-09T12:15:00,41.7,483.7,129.53,2365,0.002412,99.9529
2026-08-09T12:30:00,31.68,454.5,102.55,1879,0.001425,99.9746
2026-08-09T12:45:00,41.8,524.0,117.07,2365,0.002361,99.9664
2026-08-09T13:00:00,47.13,510.4,132.97,2717,0.003001,99.9368
2026-08-09T13:15:00,41.05,526.6,96.62,2365,0.001959,99.9669
2026-08-09T13:30:00,42.17,487.9,121.58,1945,0.001878,99.9122
2026-08-09T13:45:00,39.56,482.4,100.51,1714,0.001353,99.9564
2026-08-09T14:00:00,57.27,553.4,144.17,2947,0.003827,99.9678
2026-08-09T14:15:00,40.95,515.8,102.16,2489,0.002135,99.968
2026-08-09T14:30:00,46.53,481.6,104.04,2611,0.002129,99.9455
2026-08-09T14:45:00,33.41,492.4,83.29,1659,0.001107,99.955
2026-08-09T15:00:00,42.99,553.2,124.25,2847,0.003185,99.9391
2026-08-09T15:15:00,47.02,440.3,83.96,2082,0.001253,99.9293
2026-08-09T15:30:00,45.15,523.2,80.28,2219,0.001517,99.9536
2026-08-09T15:45:00,40.04,497.9,109.18,2172,0.001922,99.9706
2026-08-09T16:00:00,48.21,577.5,145.37,2721,0.003718,99.9513
2026-08-09T16:15:00,32.31,426.8,86.03,2073,0.001239,99.9231
2026-08-09T16:30:00,37.85,479.7,76.72,2040,0.001222,99.9741
2026-08-09T16:45:00,40.2,472.2,133.3,2317,0.002374,99.957
2026-08-09T17:00:00,41.5,462.8,107.4,1935,0.001565,99.9252
2026-08-09T17:15:00,45.64,529.3,120.53,2776,0.002882,99.9088
2026-08-09T17:30:00,36.92,535.3,125.2,2226,0.002428,99.9516
2026-08-09T17:45:00,42.17,537.6,105.59,2639,0.002438,99.9413
2026-08-09T18:00:00,22.42,390.3,58.93,959,0.000359,99.9805
2026-08-09T18:15:00,32.68,461.0,96.08,1610,0.001161,99.9494
2026-08-09T18:30:00,25.1,386.5,62.11,848,0.000331,99.9619
2026-08-09T18:45:00,30.33,441.4,91.57,1989,0.001308,99.9107
2026-08-09T19:00:00,34.88,470.9,87.21,1717,0.001148,99.9417
2026-08-09T19:15:00,51.33,575.7,145.19,3094,0.004209,99.9356
2026-08-09T19:30:00,33.81,476.3,85.99,1710,0.00114,99.9318
2026-08-09T19:45:00,30.21,439.8,99.13,1859,0.001319,99.964
2026-08-09T20:00:00,20.96,380.7,71.72,1297,0.000576,99.9428
2026-08-09T20:15:00,13.57,379.5,63.93,938,0.00037,99.9398
2026-08-09T20:30:00,29.66,448.0,94.76,1774,0.001226,99.9847
2026-08-09T20:45:00,28.38,438.7,109.41,1348,0.001053,99.9505
2026-08-09T21:00:00,26.47,409.6,60.28,1503,0.000604,99.9866
2026-08-09T21:15:00,38.25,471.6,87.59,1473,0.00099,99.9156
2026-08-09T21:30:00,19.23,358.9,58.99,921,0.000317,99.9449
2026-08-09T21:45:00,34.69,396.0,81.09,1421,0.000743,99.963
2026-08-09T22:00:00,10.31,313.4,29.05,452,6.7e-05,99.9561
2026-08-09T22:15:00,7.01,266.6,20.41,151,1.3e-05,99.9703
2026-08-09T22:30:00,7.97,300.6,34.19,119,2e-05,99.9536
2026-08-09T22:45:00,9.26,326.1,51.29,789,0.000215,99.9306
2026-08-09T23:00:00,6.77,364.0,46.39,923,0.000254,99.9342
2026-08-09T23:15:00,8.55,299.6,28.42,259,3.6e-05,99.9276
2026-08-09T23:30:00,5.0,295.7,30.33,169,2.5e-05,99.9397
2026-08-09T23:45:00,5.17,296.0,40.82,163,3.2e-05,99.9518
2026-08-10T00:00:00,15.6,326.5,47.71,692,0.000175,99.9596
2026-08-10T00:15:00,10.55,352.8,44.8,887,0.000228,99.9606
2026-08-10T00:30:00,7.21,296.2,34.01,336,5.5e-05,99.9562
2026-08-10T00:45:00,7.35,322.7,37.85,169,3.4e-05,99.9597
2026-08-10T01:00:00,10.85,355.9,27.83,419,6.8e-05,99.9357
2026-08-10T01:15:00,14.31,349.8,50.34,561,0.000161,99.9703
2026-08-10T01:30:00,11.15,327.8,41.62,859,0.000191,99.9702
2026-08-10T01:45:00,9.2,344.7,54.04,997,0.000302,99.9495
2026-08-10T02:00:00,13.59,320.0,39.05,478,9.7e-05,99.9828
2026-08-10T02:15:00,13.26,326.3,33.09,495,8.7e-05,99.9842
2026-08-10T02:30:00,11.02,334.1,35.95,435,8.5e-05,99.9511
2026-08-10T02:45:00,5.0,300.1,25.09,341,4.2e-05,99.9998
2026-08-10T03:00:00,18.27,329.1,39.56,605,0.000128,99.9264
2026-08-10T03:15:00,14.33,322.3,48.86,824,0.000211,99.9747
2026-08-10T03:30:00,5.0,338.9,40.56,496,0.000111,99.9182
2026-08-10T03:45:00,16.38,314.8,42.22,779,0.000169,99.9585
2026-08-10T04:00:00,5.0,306.2,28.53,501,7.1e-05,99.9615
2026-08-10T04:15:00,6.53,301.8,25.9,469,6e-05,99.985
2026-08-10T04:30:00,24.4,360.6,64.7,1036,0.000393,99.9789
2026-08-10T04:45:00,5.0,308.1,37.81,758,0.000144,99.9388
2026-08-10T05:00:00,5.14,246.1,23.64,302,2.9e-05,99.994
2026-08-10T05:15:00,5.0,301.7,38.53,468,8.9e-05,99.9332
2026-08-10T05:30:00,11.67,311.8,41.46,699,0.000147,99.974
2026-08-10T05:45:00,19.29,295.7,37.07,298,5.3e-05,99.9845
2026-08-10T06:00:00,33.6,436.9,125.74,1893,0.001693,99.9293
2026-08-10T06:15:00,55.51,588.1,121.96,2982,0.003481,99.9253
2026-08-10T06:30:00,54.46,565.3,117.48,2992,0.003234,99.9683
2026-08-10T06:45:00,49.48,586.4,98.98,2598,0.002455,99.9783
2026-08-10T07:00:00,39.71,504.3,109.27,2147,0.001926,99.9604
2026-08-10T07:15:00,61.25,600.7,109.17,2966,0.003166,99.9529
2026-08-10T07:30:00,56.05,560.0,97.89,3077,0.002746,99.9417
2026-08-10T07:45:00,42.65,553.6,105.78,2739,0.002611,99.9718
2026-08-10T08:00:00,49.59,561.5,152.75,2920,0.004076,99.9258
2026-08-10T08:15:00,28.06,444.1,81.86,1952,0.001155,99.9558
2026-08-10T08:30:00,46.21,484.8,125.37,2236,0.002212,99.9546
2026-08-10T08:45:00,38.56,506.6,133.67,2493,0.002748,99.9182
2026-08-10T09:00:00,38.21,502.9,121.19,1860,0.001845,99.9578
2026-08-10T09:15:00,62.89,546.5,101.84,3107,0.002814,99.9478
2026-08-10T09:30:00,44.19,555.2,120.37,2754,0.002996,99.9173
2026-08-10T09:45:00,39.9,412.0,101.27,1633,0.001109,99.9586
2026-08-10T10:00:00,61.68,647.1,148.05,3197,0.004985,99.9522
2026-08-10T10:15:00,78.85,690.1,213.39,3994,0.009574,99.9382
2026-08-10T10:30:00,57.44,611.4,131.13,3773,0.004923,99.9378
2026-08-10T10:45:00,65.01,634.5,122.95,3599,0.00457,99.9056
2026-08-10T11:00:00,56.63,618.6,203.85,3003,0.006163,99.9295
2026-08-10T11:15:00,76.41,722.2,222.53,4328,0.011322,99.9133
2026-08-10T11:30:00,81.33,754.8,129.46,4738,0.007535,99.8301
2026-08-10T11:45:00,73.61,688.3,175.56,4222,0.008304,99.9374
2026-08-10T12:00:00,75.82,762.9,148.64,4210,0.00777,99.8941
2026-08-10T12:15:00,72.43,646.3,143.45,3782,0.005707,99.8867
2026-08-10T12:30:00,56.97,603.7,138.24,3443,0.004677,99.9739
2026-08-10T12:45:00,56.19,590.2,116.24,2898,0.003236,99.9084
2026-08-10T13:00:00,60.64,601.7,157.51,3483,0.005372,99.9569
2026-08-10T13:15:00,69.25,667.7,168.25,4048,0.007402,99.8388
2026-08-10T13:30:00,81.36,715.0,168.26,4121,0.008069,99.8978
2026-08-10T13:45:00,57.53,630.6,118.45,3019,0.00367,99.9345
2026-08-10T14:00:00,49.96,549.0,122.21,3346,0.003654,99.9383
2026-08-10T14:15:00,60.17,615.7,134.68,3529,0.004763,99.905
2026-08-10T14:30:00,71.12,703.7,167.96,3712,0.007141,99.9255
2026-08-10T14:45:00,69.67,634.1,145.24,3439,0.005155,99.9109
2026-08-10T15:00:00,68.49,666.1,170.42,3484,0.006437,99.9426
2026-08-10T15:15:00,69.0,691.2,125.29,3945,0.00556,99.9147
2026-08-10T15:30:00,53.68,599.3,134.81,3107,0.004085,99.9085
2026-08-10T15:45:00,60.35,659.9,140.7,3655,0.005524,99.9133
2026-08-10T16:00:00,79.93,745.6,197.69,4554,0.010926,99.9259
2026-08-10T16:15:00,75.72,706.9,199.18,4384,0.010047,99.9445
2026-08-10T16:30:00,76.58,725.6,226.18,4384,0.01171,99.8865
2026-08-10T16:45:00,72.89,704.0,249.05,4312,0.012305,99.9129
2026-08-10T17:00:00,78.79,715.8,181.14,4371,0.009225,99.9433
2026-08-10T17:15:00,79.85,739.3,172.75,4074,0.008468,99.8062
2026-08-10T17:30:00,64.51,634.8,155.7,3799,0.006111,99.952
2026-08-10T17:45:00,84.59,770.0,239.73,4655,0.013986,99.8388
2026-08-10T18:00:00,48.49,577.7,121.75,2822,0.003231,99.9558
2026-08-10T18:15:00,49.65,504.1,127.35,2605,0.002722,99.9432
2026-08-10T18:30:00,44.75,523.5,95.34,2326,0.001889,99.9885
2026-08-10T18:45:00,47.55,532.8,117.69,2568,0.002621,99.9518
2026-08-10T19:00:00,41.63,492.8,87.71,2549,0.001793,99.9294
2026-08-10T19:15:00,37.06,500.0,90.33,1961,0.001442,99.9539
2026-08-10T19:30:00,53.43,575.5,130.6,3127,0.003826,99.9419
2026-08-10T19:45:00,37.77,454.5,111.23,2116,0.001741,99.9255
2026-08-10T20:00:00,30.66,406.1,100.16,1674,0.001108,99.9466
2026-08-10T20:15:00,43.05,546.3,115.5,2830,0.002906,99.9203
2026-08-10T20:30:00,31.59,449.3,52.82,2106,0.000814,99.9455
2026-08-10T20:45:00,77.38,699.2,190.69,4373,0.00949,99.9078
2026-08-10T21:00:00,29.87,438.1,88.06,1885,0.001184,99.9399
2026-08-10T21:15:00,34.1,441.1,92.82,1680,0.00112,99.9276
2026-08-10T21:30:00,50.67,528.5,86.08,2720,0.002014,99.9573
2026-08-10T21:45:00,46.53,564.2,105.45,2627,0.002544,99.9525
2026-08-10T22:00:00,21.19,365.5,58.11,1240,0.000429,99.9175
2026-08-10T22:15:00,9.95,311.8,44.5,668,0.000151,99.9325
2026-08-10T22:30:00,15.78,386.2,47.85,1028,0.000309,99.9666
2026-08-10T22:45:00,23.3,378.7,60.35,1208,0.000449,99.9291
2026-08-10T23:00:00,8.87,341.2,33.11,774,0.000142,99.9552
2026-08-10T23:15:00,5.36,346.4,39.73,567,0.000127,99.9471
2026-08-10T23:30:00,14.58,345.6,49.96,562,0.000158,99.9228
2026-08-10T23:45:00,5.0,306.4,31.48,410,6.4e-05,99.9479
2026-08-11T00:00:00,6.16,306.8,39.25,201,3.9e-05,99.9662
2026-08-11T00:15:00,11.14,315.5,36.54,672,0.000126,99.9741
2026-08-11T00:30:00,11.59,302.6,51.8,657,0.000168,99.9555
2026-08-11T00:45:00,7.93,279.3,22.7,593,6.1e-05,99.9942
2026-08-11T01:00:00,5.0,295.6,36.81,355,6.3e-05,99.9851
2026-08-11T01:15:00,13.05,332.0,34.25,738,0.000137,99.9492
2026-08-11T01:30:00,5.0,272.8,36.98,347,5.7e-05,99.9619
2026-08-11T01:45:00,16.02,374.2,47.48,963,0.000278,99.9482
2026-08-11T02:00:00,10.39,344.7,49.3,983,0.000272,99.9569
2026-08-11T02:15:00,6.64,318.3,46.5,631,0.000152,99.9733
2026-08-11T02:30:00,19.89,363.0,52.72,777,0.000242,99.9887
2026-08-11T02:45:00,13.51,301.5,47.48,428,0.0001,99.9373
2026-08-11T03:00:00,5.09,312.1,26.87,651,8.9e-05,99.8963
2026-08-11T03:15:00,15.46,366.9,59.92,994,0.000356,99.9727
2026-08-11T03:30:00,16.31,369.9,51.89,501,0.000157,99.9164
2026-08-11T03:45:00,19.13,346.7,51.33,756,0.000219,99.9529
2026-08-11T04:00:00,7.47,331.9,39.86,427,9.2e-05,99.9447
2026-08-11T04:15:00,14.98,358.2,67.54,807,0.000318,99.9507
2026-08-11T04:30:00,5.0,321.3,27.08,361,5.1e-05,99.9544
2026-08-11T04:45:00,8.98,338.7,39.85,599,0.000132,99.9553
2026-08-11T05:00:00,6.71,348.0,37.88,431,9.2e-05,99.9522
2026-08-11T05:15:00,15.14,348.3,36.81,446,9.3e-05,99.9182
2026-08-11T05:30:00,15.06,305.9,44.66,720,0.00016,99.9378
2026-08-11T05:45:00,11.19,353.7,48.61,748,0.000209,99.9711
2026-08-11T06:00:00,54.94,568.0,165.84,3002,0.004603,99.9509
2026-08-11T06:15:00,58.64,581.1,105.79,2921,0.002923,99.9535
2026-08-11T06:30:00,47.91,575.6,140.34,2820,0.003708,99.9496
2026-08-11T06:45:00,34.25,459.9,96.37,1931,0.001393,99.9591
2026-08-11T07:00:00,37.47,486.1,110.38,2275,0.001987,99.9365
2026-08-11T07:15:00,42.52,472.0,126.17,2347,0.002275,99.9593
2026-08-11T07:30:00,42.25,552.2,116.74,2812,0.00295,99.9708
2026-08-11T07:45:00,41.79,485.5,111.29,2355,0.002071,99.9396
2026-08-11T08:00:00,54.44,608.6,138.82,2942,0.004046,99.943
2026-08-11T08:15:00,46.89,551.8,113.93,2856,0.002922,99.9468
2026-08-11T08:30:00,47.18,506.2,130.81,2455,0.002646,99.9579
2026-08-11T08:45:00,82.1,741.2,204.52,4878,0.012035,99.8807
2026-08-11T09:00:00,44.65,531.9,115.6,2397,0.002399,99.9437
2026-08-11T09:15:00,36.7,438.9,85.86,1669,0.001024,99.9614
2026-08-11T09:30:00,52.65,565.6,132.29,3308,0.004028,99.9356
2026-08-11T09:45:00,55.7,560.0,142.98,3324,0.004332,99.9531
2026-08-11T10:00:00,89.87,750.7,145.52,4965,0.008828,99.8465
2026-08-11T10:15:00,73.72,734.3,189.89,4553,0.010333,99.8232
2026-08-11T10:30:00,67.51,635.4,177.27,3943,0.007229,99.9374
2026-08-11T10:45:00,83.34,757.3,201.77,4627,0.011507,99.9406
2026-08-11T11:00:00,55.84,635.0,145.13,3445,0.005167,99.9235
2026-08-11T11:15:00,84.79,727.8,229.19,4067,0.011042,99.8892
2026-08-11T11:30:00,67.17,655.5,154.71,3773,0.006228,99.9518
2026-08-11T11:45:00,64.03,638.7,181.08,3575,0.00673,99.9033
2026-08-11T12:00:00,81.77,763.4,168.9,4725,0.009916,99.779
2026-08-11T12:15:00,49.38,538.6,168.49,3173,0.004687,99.9565
2026-08-11T12:30:00,68.13,644.1,155.4,3881,0.006322,99.9407
2026-08-11T12:45:00,57.77,635.8,147.69,3413,0.005216,99.9434
2026-08-11T13:00:00,60.6,659.6,174.26,3637,0.006804,99.8861
2026-08-11T13:15:00,62.11,660.2,169.03,3654,0.006637,99.939
2026-08-11T13:30:00,79.77,703.7,190.51,4244,0.00926,99.8692
2026-08-11T13:45:00,56.97,599.0,132.85,3410,0.004417,99.9601
2026-08-11T14:00:00,69.73,654.9,137.77,3580,0.005257,99.9585
2026-08-11T14:15:00,65.97,629.0,148.88,3312,0.005048,99.9297
2026-08-11T14:30:00,80.13,686.4,153.44,4198,0.007196,99.9426
2026-08-11T14:45:00,60.49,610.0,167.19,3158,0.005242,99.9173
2026-08-11T15:00:00,77.11,754.3,204.64,4385,0.011017,99.9171
2026-08-11T15:15:00,62.83,646.4,143.51,3593,0.005425,99.9487
2026-08-11T15:30:00,54.89,584.1,98.38,3120,0.002918,99.8954
2026-08-11T15:45:00,62.45,628.7,129.61,3342,0.004432,99.8741
2026-08-11T16:00:00,64.04,672.0,154.43,4023,0.006795,99.8918
2026-08-11T16:15:00,58.5,610.6,140.0,3216,0.004474,99.9658
2026-08-11T16:30:00,73.89,749.1,188.14,4446,0.010198,99.7964
2026-08-11T16:45:00,57.33,590.9,152.15,2951,0.004318,99.9303
2026-08-11T17:00:00,59.95,631.1,135.18,3035,0.004214,99.9241
2026-08-11T17:15:00,81.08,769.7,195.74,4344,0.010652,99.9576
2026-08-11T17:30:00,83.55,792.9,158.82,4390,0.008998,99.8448
2026-08-11T17:45:00,81.26,774.2,243.97,4622,0.014209,99.8807
2026-08-11T18:00:00,42.26,490.5,123.73,2278,0.00225,99.9592
2026-08-11T18:15:00,54.48,590.1,136.67,3021,0.003966,99.922
2026-08-11T18:30:00,54.86,591.9,105.85,3115,0.003177,99.9719
2026-08-11T18:45:00,50.8,527.1,122.32,2633,0.002763,99.9539
2026-08-11T19:00:00,38.28,469.8,101.39,2369,0.001837,99.9733
2026-08-11T19:15:00,28.17,452.4,109.3,1630,0.001312,99.9604
2026-08-11T19:30:00,55.97,564.1,120.96,2934,0.003258,99.9687
2026-08-11T19:45:00,40.9,462.0,106.6,2035,0.001631,99.9601
2026-08-11T20:00:00,38.57,515.9,110.01,2367,0.002187,99.9385
2026-08-11T20:15:00,28.87,419.2,85.94,1875,0.001099,99.9054
2026-08-11T20:30:00,34.86,453.5,92.21,1948,0.001326,99.938
2026-08-11T20:45:00,54.14,520.8,58.96,2914,0.001456,99.9497
2026-08-11T21:00:00,51.99,549.7,137.1,2509,0.003078,99.9332
2026-08-11T21:15:00,46.86,500.7,117.92,2521,0.002422,99.9387
2026-08-11T21:30:00,39.86,473.6,77.09,2226,0.001323,99.9515
2026-08-11T21:45:00,35.12,501.1,117.55,2373,0.002275,99.9193
2026-08-11T22:00:00,8.45,321.7,42.38,644,0.000143,99.9526
2026-08-11T22:15:00,22.08,379.0,76.05,1198,0.000562,99.9313
2026-08-11T22:30:00,21.34,390.8,70.96,896,0.000404,99.9781
2026-08-11T22:45:00,22.24,319.2,43.72,1078,0.000245,99.9084
2026-08-11T23:00:00,9.45,325.3,52.2,798,0.000221,99.9095
2026-08-11T23:15:00,12.63,311.9,40.84,504,0.000104,99.9285
2026-08-11T23:30:00,14.85,322.6,45.77,878,0.000211,99.9562
2026-08-11T23:45:00,17.9,373.4,49.92,1017,0.000309,99.9581
2026-08-12T00:00:00,20.14,343.7,45.77,567,0.000145,99.9558
2026-08-12T00:15:00,17.39,298.5,37.79,599,0.00011,99.9377
2026-08-12T00:30:00,15.2,334.7,54.11,792,0.000233,99.9586
2026-08-12T00:45:00,11.29,326.1,56.18,885,0.000264,99.9336
2026-08-12T01:00:00,13.55,319.2,49.58,1071,0.000276,99.9546
2026-08-12T01:15:00,5.12,298.4,29.83,500,7.2e-05,99.9432
2026-08-12T01:30:00,14.29,320.3,48.01,562,0.000141,99.9385
2026-08-12T01:45:00,13.54,349.6,48.18,431,0.000118,99.9526
2026-08-12T02:00:00,12.97,328.4,44.53,505,0.00012,99.9355
2026-08-12T02:15:00,11.63,348.1,47.04,604,0.000161,99.9304
2026-08-12T02:30:00,13.29,340.7,61.5,997,0.00034,99.9345
2026-08-12T02:45:00,16.31,304.6,40.68,667,0.000135,99.9466
2026-08-12T03:00:00,15.08,348.0,56.32,904,0.000288,99.9306
2026-08-12T03:15:00,5.0,282.5,28.68,230,3e-05,99.9609
2026-08-12T03:30:00,5.99,314.4,34.17,30,5e-06,99.9299
2026-08-12T03:45:00,10.77,348.1,55.66,1143,0.000361,99.951
2026-08-12T04:00:00,11.95,351.0,56.26,877,0.000282,99.9681
2026-08-12T04:15:00,6.46,304.0,44.62,460,0.000102,99.9139
2026-08-12T04:30:00,5.0,299.3,30.52,531,7.9e-05,99.9551
2026-08-12T04:45:00,13.69,333.3,46.75,572,0.000145,99.9597
2026-08-12T05:00:00,5.98,326.7,49.91,640,0.00017,99.9387
2026-08-12T05:15:00,5.0,278.2,36.74,357,5.9e-05,99.949
2026-08-12T05:30:00,12.53,312.9,52.01,574,0.000152,99.9807
2026-08-12T05:45:00,12.17,327.4,41.32,522,0.000115,99.9188
2026-08-12T06:00:00,34.27,486.1,84.7,2012,0.001348,99.9289
2026-08-12T06:15:00,39.53,485.4,94.79,1776,0.00133,99.9215
2026-08-12T06:30:00,37.88,454.9,113.15,2178,0.001824,99.9467
2026-08-12T06:45:00,37.16,490.5,85.22,2206,0.001501,99.9391
2026-08-12T07:00:00,33.94,459.2,59.46,2099,0.000933,99.9401
2026-08-12T07:15:00,27.71,431.6,92.49,1397,0.000908,99.9394
2026-08-12T07:30:00,44.26,507.9,105.3,2545,0.002215,99.9406
2026-08-12T07:45:00,33.8,448.0,86.81,1633,0.001034,99.9417
2026-08-12T08:00:00,28.65,445.8,103.45,1928,0.001447,99.9783
2026-08-12T08:15:00,40.72,483.4,109.14,2129,0.001828,99.9664
2026-08-12T08:30:00,40.23,538.6,144.99,2519,0.003202,99.9403
2026-08-12T08:45:00,42.45,499.8,79.87,2428,0.001578,99.9178
2026-08-12T09:00:00,34.36,411.5,99.01,1613,0.00107,99.9685
2026-08-12T09:15:00,41.59,456.1,100.94,2004,0.001502,99.9452
2026-08-12T09:30:00,34.7,466.9,106.31,1891,0.001528,99.9464
2026-08-12T09:45:00,48.76,596.4,129.43,2798,0.003515,99.9519
2026-08-12T10:00:00,81.51,705.1,148.8,4236,0.007234,99.9067
2026-08-12T10:15:00,83.61,729.3,192.49,4566,0.010433,99.8238
2026-08-12T10:30:00,82.86,760.1,211.36,4481,0.011717,99.8392
2026-08-12T10:45:00,57.58,629.2,137.46,3263,0.004593,99.8784
2026-08-12T11:00:00,50.12,555.9,115.81,3260,0.003416,99.8921
2026-08-12T11:15:00,67.53,664.3,184.47,4045,0.008068,99.9249
2026-08-12T11:30:00,69.01,621.4,184.7,3750,0.007005,99.905
2026-08-12T11:45:00,79.37,709.2,198.35,4653,0.010654,99.9468
2026-08-12T12:00:00,51.57,596.8,140.02,3146,0.004279,99.9275
2026-08-12T12:15:00,58.12,586.5,160.93,3446,0.005294,99.9473
2026-08-12T12:30:00,81.19,713.0,157.71,4245,0.00777,99.8281
2026-08-12T12:45:00,69.37,642.0,187.6,3532,0.006923,99.9491
2026-08-12T13:00:00,62.35,600.9,150.35,3217,0.004731,99.951
2026-08-12T13:15:00,84.86,786.3,185.18,4695,0.011126,99.9125
2026-08-12T13:30:00,85.61,704.9,178.71,4489,0.009204,99.9303
2026-08-12T13:45:00,61.05,596.5,110.56,3350,0.003596,99.9128
2026-08-12T14:00:00,78.8,709.6,164.71,4733,0.009004,99.8308
2026-08-12T14:15:00,61.48,657.8,138.07,3576,0.005286,99.9497
2026-08-12T14:30:00,74.14,742.9,156.45,4597,0.008696,99.8962
2026-08-12T14:45:00,87.0,782.7,145.83,4671,0.008677,99.9041
2026-08-12T15:00:00,52.41,597.2,134.57,3358,0.004393,99.9007
2026-08-12T15:15:00,77.25,697.8,195.93,4207,0.009362,99.9575
2026-08-12T15:30:00,60.62,619.4,117.52,3570,0.00423,99.9809
2026-08-12T15:45:00,74.32,725.0,216.85,4468,0.011434,99.9235
2026-08-12T16:00:00,76.33,701.1,211.81,3767,0.009105,99.8885
2026-08-12T16:15:00,63.07,654.6,137.2,3632,0.005309,99.8872
2026-08-12T16:30:00,80.58,739.4,227.17,4609,0.0126,99.8091
2026-08-12T16:45:00,64.2,679.8,151.2,3791,0.006343,99.9233
2026-08-12T17:00:00,78.84,757.9,168.47,4301,0.008938,99.8607
2026-08-12T17:15:00,65.32,648.8,165.23,4051,0.007068,99.9116
2026-08-12T17:30:00,72.41,694.0,177.98,3664,0.007366,99.898
2026-08-12T17:45:00,70.28,604.8,120.92,3410,0.004059,99.8942
2026-08-12T18:00:00,35.61,525.6,109.51,2458,0.002303,99.9615
2026-08-12T18:15:00,25.32,453.2,99.27,1419,0.001039,99.9863
2026-08-12T18:30:00,51.59,535.0,104.62,2821,0.00257,99.9836
2026-08-12T18:45:00,39.31,488.9,127.71,2343,0.002381,99.9871
2026-08-12T19:00:00,39.87,469.3,114.59,1972,0.001726,99.9444
2026-08-12T19:15:00,29.64,454.8,81.07,1980,0.001188,99.9611
2026-08-12T19:30:00,55.26,552.0,98.62,2654,0.002352,99.9613
2026-08-12T19:45:00,53.82,606.0,95.76,3382,0.003195,99.9807
2026-08-12T20:00:00,40.08,459.2,62.08,1719,0.000798,99.9358
2026-08-12T20:15:00,27.7,410.0,86.22,1938,0.001115,99.9418
2026-08-12T20:30:00,40.97,464.7,108.64,1924,0.001581,99.9406
2026-08-12T20:45:00,43.81,541.6,123.32,2398,0.002607,99.952
2026-08-12T21:00:00,38.07,502.0,106.45,2659,0.002313,99.9535
2026-08-12T21:15:00,39.67,485.8,117.78,2421,0.002254,99.9542
2026-08-12T21:30:00,55.84,608.4,157.13,3012,0.004687,99.9144
2026-08-12T21:45:00,40.55,483.0,96.21,2402,0.001817,99.94
2026-08-12T22:00:00,23.32,376.7,60.11,1147,0.000423,99.9162
2026-08-12T22:15:00,8.17,323.0,46.06,327,7.9e-05,99.9351
2026-08-12T22:30:00,5.3,310.1,33.32,470,7.9e-05,99.9502
2026-08-12T22:45:00,13.59,303.3,47.26,680,0.000159,99.9317
2026-08-12T23:00:00,6.74,358.0,52.22,1183,0.00036,99.9523
2026-08-12T23:15:00,24.2,397.5,75.42,1453,0.000709,99.9064
2026-08-12T23:30:00,17.41,377.0,57.15,1017,0.000357,99.9494
2026-08-12T23:45:00,27.78,413.0,74.58,1141,0.000572,99.9639
2026-08-13T00:00:00,9.66,257.6,42.07,533,9.4e-05,99.9297
2026-08-13T00:15:00,18.92,334.5,53.3,990,0.000287,99.949
2026-08-13T00:30:00,6.4,288.4,34.03,379,6.1e-05,99.9762
2026-08-13T00:45:00,11.18,303.6,50.4,504,0.000126,99.9528
2026-08-13T01:00:00,7.7,317.1,42.45,469,0.000103,99.9477
2026-08-13T01:15:00,11.33,314.1,49.02,957,0.00024,99.931
2026-08-13T01:30:00,16.62,370.8,40.58,765,0.000187,99.9471
2026-08-13T01:45:00,5.0,335.8,37.36,637,0.00013,99.952
2026-08-13T02:00:00,13.53,335.0,42.67,560,0.00013,99.9417
2026-08-13T02:15:00,5.0,311.6,40.97,928,0.000193,100.0
2026-08-13T02:30:00,13.75,363.8,65.18,703,0.000271,99.9567
2026-08-13T02:45:00,12.05,333.1,55.92,909,0.000276,99.9544
2026-08-13T03:00:00,14.26,343.6,48.32,575,0.000155,99.9093
2026-08-13T03:15:00,16.88,323.1,54.25,753,0.000215,99.9531
2026-08-13T03:30:00,15.66,338.9,42.2,738,0.000172,99.9492
2026-08-13T03:45:00,6.88,336.7,59.76,1011,0.000331,99.9387
2026-08-13T04:00:00,11.24,331.9,64.34,824,0.000286,99.968
2026-08-13T04:15:00,5.0,311.7,29.73,552,8.3e-05,99.9438
2026-08-13T04:30:00,15.8,339.6,39.25,699,0.000152,99.951
2026-08-13T04:45:00,6.07,312.1,45.94,360,8.4e-05,99.9441
2026-08-13T05:00:00,5.0,275.8,43.3,496,9.6e-05,99.9329
2026-08-13T05:15:00,5.66,300.1,43.37,811,0.000172,99.9514
2026-08-13T05:30:00,10.37,309.7,39.31,465,9.2e-05,99.9558
2026-08-13T05:45:00,12.16,311.1,38.39,490,9.5e-05,99.9603
2026-08-13T06:00:00,41.4,492.1,77.93,2404,0.0015,99.9598
2026-08-13T06:15:00,43.99,511.0,98.72,2320,0.001905,99.9553
2026-08-13T06:30:00,41.73,488.9,109.94,2410,0.002108,99.942
2026-08-13T06:45:00,37.78,509.6,81.85,2170,0.001473,99.9803
2026-08-13T07:00:00,59.06,552.9,123.38,2996,0.003326,99.9532
2026-08-13T07:15:00,34.24,460.7,81.39,1844,0.001125,99.9335
2026-08-13T07:30:00,51.62,591.8,101.42,3108,0.003036,99.9502
2026-08-13T07:45:00,45.09,517.9,77.64,2529,0.001655,99.9495
2026-08-13T08:00:00,48.71,526.2,120.5,2692,0.002778,99.9762
2026-08-13T08:15:00,56.19,527.4,124.03,2975,0.003167,99.9646
2026-08-13T08:30:00,52.14,572.1,152.56,3066,0.004355,99.9402
2026-08-13T08:45:00,40.96,447.1,97.73,1934,0.001375,99.9366
2026-08-13T09:00:00,34.15,493.3,95.6,2110,0.00162,99.9563
2026-08-13T09:15:00,49.07,506.5,130.28,2829,0.003038,99.9576
2026-08-13T09:30:00,53.33,589.4,159.62,3061,0.004687,99.9616
2026-08-13T09:45:00,45.92,553.5,100.76,2597,0.002357,99.9709
2026-08-13T10:00:00,63.1,619.6,149.7,3396,0.005126,99.9455
2026-08-13T10:15:00,57.86,630.0,145.02,3308,0.004919,99.9084
2026-08-13T10:30:00,84.47,760.3,212.89,4959,0.013064,99.9402
2026-08-13T10:45:00,76.76,768.5,174.64,4576,0.009997,99.8968
2026-08-13T11:00:00,66.87,663.8,132.65,3688,0.005285,99.9684
2026-08-13T11:15:00,80.34,730.0,158.85,4333,0.008178,99.7672
2026-08-13T11:30:00,54.98,641.6,133.13,3467,0.00482,99.9483
2026-08-13T11:45:00,78.34,719.2,151.95,4242,0.007545,99.8809
2026-08-13T12:00:00,59.48,624.3,166.9,3521,0.005971,99.9728
2026-08-13T12:15:00,89.49,762.2,154.74,4679,0.008982,99.9071
2026-08-13T12:30:00,52.26,577.3,164.94,3239,0.00502,99.919
2026-08-13T12:45:00,69.41,732.8,192.58,4194,0.009633,99.7926
2026-08-13T13:00:00,49.71,607.5,154.95,3159,0.00484,99.9442
2026-08-13T13:15:00,70.78,689.1,152.92,4261,0.007309,99.8968
2026-08-13T13:30:00,72.6,681.4,178.45,4337,0.008583,99.902
2026-08-13T13:45:00,59.63,629.7,137.47,3182,0.004483,99.9195
2026-08-13T14:00:00,57.63,610.6,132.19,3119,0.004097,99.9477
2026-08-13T14:15:00,92.88,730.9,190.12,4822,0.010906,99.8679
2026-08-13T14:30:00,56.35,563.9,153.39,3185,0.004484,99.9634
2026-08-13T14:45:00,60.04,600.4,135.27,3130,0.004137,99.8965
2026-08-13T15:00:00,57.27,616.7,160.21,3575,0.005749,99.9711
2026-08-13T15:15:00,76.03,705.5,165.54,4122,0.007835,99.8474
2026-08-13T15:30:00,63.64,617.4,165.14,3533,0.005863,99.953
2026-08-13T15:45:00,78.84,756.5,204.14,4658,0.011709,99.8125
2026-08-13T16:00:00,72.55,683.5,204.06,3566,0.008095,99.9305
2026-08-13T16:15:00,77.51,713.7,206.27,4039,0.009677,99.9327
2026-08-13T16:30:00,53.45,567.9,156.18,3075,0.004439,99.9927
2026-08-13T16:45:00,59.8,606.9,166.12,3322,0.005451,99.8915
2026-08-13T17:00:00,60.38,596.8,199.12,3494,0.006758,99.9277
2026-08-13T17:15:00,70.18,634.3,186.15,3696,0.007103,99.9485
2026-08-13T17:30:00,57.63,633.3,110.92,3476,0.003974,99.9125
2026-08-13T17:45:00,70.4,692.0,132.87,4091,0.006123,99.8024
2026-08-13T18:00:00,38.88,426.0,94.79,1755,0.001153,99.9733
2026-08-13T18:15:00,44.1,585.2,156.65,3185,0.004752,99.9422
2026-08-13T18:30:00,37.98,476.2,117.95,1973,0.001804,99.9467
2026-08-13T18:45:00,55.0,574.5,106.61,3325,0.003315,99.967
2026-08-13T19:00:00,50.87,575.0,152.4,3024,0.004313,99.9544
2026-08-13T19:15:00,32.3,462.9,71.28,1895,0.001018,99.9696
2026-08-13T19:30:00,37.24,471.5,118.68,2422,0.002206,99.9827
2026-08-13T19:45:00,86.34,750.6,144.55,4534,0.008007,99.7996
2026-08-13T20:00:00,40.48,517.7,129.87,2372,0.002596,99.9602
2026-08-13T20:15:00,34.87,470.2,103.29,1980,0.001565,99.9244
2026-08-13T20:30:00,47.81,567.9,105.77,2673,0.002613,99.9684
2026-08-13T20:45:00,52.44,540.8,122.4,2379,0.002563,99.9266
2026-08-13T21:00:00,29.04,437.6,67.05,1575,0.000752,99.9408
2026-08-13T21:15:00,50.75,526.7,165.43,2421,0.003433,99.9398
2026-08-13T21:30:00,46.12,600.6,143.35,2825,0.003959,99.9459
2026-08-13T21:45:00,38.67,456.9,56.09,1940,0.000809,99.9413
2026-08-13T22:00:00,21.27,370.4,58.83,1032,0.000366,99.9304
2026-08-13T22:15:00,26.57,407.4,78.03,1347,0.000697,99.9442
2026-08-13T22:30:00,22.77,353.5,64.53,1081,0.000401,99.9735
2026-08-13T22:45:00,19.8,398.4,60.5,1209,0.000474,99.9322
2026-08-13T23:00:00,6.99,361.8,52.12,679,0.000208,99.957
2026-08-13T23:15:00,15.08,298.6,35.55,580,0.0001,99.9396
2026-08-13T23:30:00,30.14,389.6,73.28,1350,0.000627,99.9318
2026-08-13T23:45:00,19.84,318.1,45.96,746,0.000178,99.981
2026-08-14T00:00:00,7.23,342.3,34.22,358,6.8e-05,99.9685
2026-08-14T00:15:00,8.4,252.6,35.26,336,4.9e-05,99.9448
2026-08-14T00:30:00,12.62,304.0,36.04,341,6.1e-05,99.9467
2026-08-14T00:45:00,21.09,313.7,38.24,740,0.000144,99.9871
2026-08-14T01:00:00,5.0,293.6,27.84,280,3.7e-05,99.933
2026-08-14T01:15:00,8.32,261.9,23.6,245,2.5e-05,99.9519
2026-08-14T01:30:00,19.62,321.8,50.8,894,0.000238,99.9224
2026-08-14T01:45:00,22.7,303.0,42.89,674,0.000143,99.9528
2026-08-14T02:00:00,9.81,322.3,36.76,491,9.5e-05,99.9675
2026-08-14T02:15:00,8.26,352.6,44.7,767,0.000197,99.9411
2026-08-14T02:30:00,9.0,306.1,32.5,505,8.2e-05,99.9405
2026-08-14T02:45:00,5.0,319.7,55.35,887,0.000255,99.9736
2026-08-14T03:00:00,10.51,323.8,32.54,569,9.8e-05,99.9456
2026-08-14T03:15:00,10.94,328.1,41.14,1003,0.00022,99.9522
2026-08-14T03:30:00,9.13,303.4,36.26,1063,0.00019,99.9806
2026-08-14T03:45:00,11.18,351.1,55.48,950,0.000301,99.982
2026-08-14T04:00:00,5.0,303.8,37.33,325,6e-05,99.9551
2026-08-14T04:15:00,8.18,327.6,43.62,718,0.000167,99.9473
2026-08-14T04:30:00,8.55,336.4,60.49,515,0.000171,99.947
2026-08-14T04:45:00,35.19,429.6,94.81,1937,0.001284,99.9225
2026-08-14T05:00:00,7.07,336.6,30.88,531,9e-05,99.9594
2026-08-14T05:15:00,11.34,293.8,36.29,335,5.8e-05,99.9762
2026-08-14T05:30:00,11.87,361.7,60.14,601,0.000213,99.9862
2026-08-14T05:45:00,5.36,274.2,28.53,64,8e-06,99.9508
2026-08-14T06:00:00,48.44,586.7,149.24,3040,0.004332,99.9375
2026-08-14T06:15:00,42.7,512.6,124.66,2613,0.002718,99.9869
2026-08-14T06:30:00,55.73,547.4,132.22,2977,0.003507,99.94
2026-08-14T06:45:00,39.0,475.3,126.36,2131,0.002083,99.9301
2026-08-14T07:00:00,35.3,474.1,104.0,2147,0.001723,99.9651
2026-08-14T07:15:00,38.28,588.1,101.59,2564,0.002494,100.0
2026-08-14T07:30:00,38.07,433.1,86.91,1920,0.001176,99.9139
2026-08-14T07:45:00,25.86,440.6,90.77,2148,0.001398,99.9711
2026-08-14T08:00:00,44.25,475.1,101.29,2322,0.001818,99.9039
2026-08-14T08:15:00,31.76,440.5,101.61,1943,0.001415,99.9474
2026-08-14T08:30:00,51.25,553.2,120.75,2619,0.002847,99.9229
2026-08-14T08:45:00,40.5,503.7,94.63,2085,0.001617,99.9467
2026-08-14T09:00:00,50.39,525.9,118.27,3149,0.003188,99.9301
2026-08-14T09:15:00,40.43,498.1,120.15,2609,0.002542,99.9602
2026-08-14T09:30:00,48.78,573.3,141.64,2841,0.003755,99.9458
2026-08-14T09:45:00,31.67,473.6,96.15,1693,0.001255,99.9622
2026-08-14T10:00:00,82.52,754.2,210.56,4820,0.012458,99.9125
2026-08-14T10:15:00,86.96,747.9,174.88,4923,0.01048,99.8386
2026-08-14T10:30:00,65.73,626.8,175.02,3690,0.006589,99.9479
2026-08-14T10:45:00,65.27,642.9,144.26,3120,0.004709,99.9383
2026-08-14T11:00:00,71.52,664.2,145.79,4034,0.006358,99.9545
2026-08-14T11:15:00,87.04,727.1,216.79,4624,0.011863,99.8137
2026-08-14T11:30:00,86.74,745.6,196.09,4446,0.01058,99.84
2026-08-14T11:45:00,69.48,685.5,165.74,4092,0.007567,99.929
2026-08-14T12:00:00,75.38,668.5,197.71,4075,0.008766,99.953
2026-08-14T12:15:00,81.97,756.8,204.89,4267,0.010769,99.9567
2026-08-14T12:30:00,78.04,775.7,230.99,4685,0.013663,99.8725
2026-08-14T12:45:00,55.39,575.0,115.5,3330,0.003599,99.8993
2026-08-14T13:00:00,66.35,680.4,177.99,4084,0.00805,99.9459
2026-08-14T13:15:00,58.69,601.9,163.72,3219,0.005163,99.9102
2026-08-14T13:30:00,83.5,733.6,206.77,4430,0.010937,99.8205
2026-08-14T13:45:00,73.88,734.1,204.62,4183,0.010227,99.8211
2026-08-14T14:00:00,65.03,685.9,132.78,3936,0.005835,99.9576
2026-08-14T14:15:00,50.35,607.0,141.08,3344,0.00466,99.9456
2026-08-14T14:30:00,62.61,651.5,175.73,3964,0.007386,99.9811
2026-08-14T14:45:00,76.12,754.1,247.26,4968,0.015076,99.9698
2026-08-14T15:00:00,66.26,633.2,163.93,3744,0.006325,99.9549
2026-08-14T15:15:00,83.33,743.9,178.36,4312,0.009312,99.8742
2026-08-14T15:30:00,75.93,689.7,171.17,3984,0.007656,99.908
2026-08-14T15:45:00,73.46,671.3,136.71,4074,0.006085,99.9092
2026-08-14T16:00:00,86.08,756.3,216.25,4862,0.012942,99.8225
2026-08-14T16:15:00,76.51,714.0,189.48,4065,0.008951,99.9159
2026-08-14T16:30:00,69.31,636.2,162.81,3635,0.006129,99.9449
2026-08-14T16:45:00,84.07,769.3,238.78,4577,0.013684,99.8011
2026-08-14T17:00:00,58.51,603.6,143.79,3775,0.005333,99.9354
2026-08-14T17:15:00,71.14,693.9,175.25,4140,0.008194,99.9301
2026-08-14T17:30:00,63.42,679.9,135.48,3797,0.005693,99.9162
2026-08-14T17:45:00,78.54,765.7,200.03,4725,0.01178,99.9422
2026-08-14T18:00:00,34.67,450.5,113.92,2151,0.001797,99.9615
2026-08-14T18:15:00,32.82,457.3,103.62,1775,0.001369,99.9315
2026-08-14T18:30:00,30.76,428.0,78.29,2122,0.001157,99.9512
2026-08-14T18:45:00,34.99,454.8,82.52,1949,0.00119,99.9518
2026-08-14T19:00:00,38.13,494.5,88.27,1895,0.001346,99.9061
2026-08-14T19:15:00,38.73,524.9,122.76,2601,0.002728,99.9265
2026-08-14T19:30:00,52.62,585.4,141.98,3159,0.004274,99.939
2026-08-14T19:45:00,47.44,520.1,106.64,2189,0.001976,99.9516
2026-08-14T20:00:00,28.01,396.5,87.53,1407,0.000795,99.972
2026-08-14T20:15:00,29.52,452.0,86.38,2135,0.001357,99.9447
2026-08-14T20:30:00,43.57,536.7,115.9,2226,0.002254,99.929
2026-08-14T20:45:00,39.8,431.6,65.63,2121,0.000978,99.929
2026-08-14T21:00:00,57.41,567.0,128.7,3199,0.003799,99.9652
2026-08-14T21:15:00,37.81,497.2,109.81,2144,0.001905,99.9477
2026-08-14T21:30:00,35.28,543.9,119.84,2442,0.002591,99.9731
2026-08-14T21:45:00,46.33,571.1,158.05,2509,0.003686,99.9293
2026-08-14T22:00:00,13.88,334.9,54.72,802,0.000239,99.9445
2026-08-14T22:15:00,12.97,338.1,48.79,772,0.000207,99.9686
2026-08-14T22:30:00,9.84,306.7,49.92,804,0.0002,99.9414
2026-08-14T22:45:00,25.0,339.6,47.39,530,0.000139,99.9531
2026-08-14T23:00:00,13.07,414.7,73.62,1326,0.000659,99.9445
2026-08-14T23:15:00,21.35,353.4,68.62,980,0.000387,99.9378
2026-08-14T23:30:00,10.27,329.1,34.62,524,9.7e-05,99.9314
2026-08-14T23:45:00,22.29,410.8,78.15,1185,0.000619,99.9931
2026-08-15T00:00:00,5.0,313.4,35.83,470,8.6e-05,99.9031
2026-08-15T00:15:00,5.0,278.0,29.5,334,4.5e-05,99.9739
2026-08-15T00:30:00,5.0,270.6,27.6,49,6e-06,99.9482
2026-08-15T00:45:00,8.98,302.1,38.96,758,0.000145,99.9627
2026-08-15T01:00:00,10.23,310.8,31.13,440,6.9e-05,99.9805
2026-08-15T01:15:00,10.16,315.2,37.53,587,0.000113,99.9758
2026-08-15T01:30:00,5.0,259.3,32.06,480,6.5e-05,99.9523
2026-08-15T01:45:00,6.23,293.8,33.28,292,4.6e-05,99.9438
2026-08-15T02:00:00,5.0,282.0,25.68,203,2.4e-05,99.9647
2026-08-15T02:15:00,12.89,330.4,34.78,667,0.000125,99.9228
2026-08-15T02:30:00,5.0,322.7,43.66,769,0.000176,99.9433
2026-08-15T02:45:00,6.18,289.2,38.11,276,5e-05,99.9061
2026-08-15T03:00:00,5.0,313.6,37.45,454,8.7e-05,99.9458
2026-08-15T03:15:00,6.48,309.4,33.09,147,2.4e-05,99.9166
2026-08-15T03:30:00,15.85,271.6,27.1,459,5.5e-05,99.9405
2026-08-15T03:45:00,16.44,269.3,31.11,257,3.5e-05,99.9308
2026-08-15T04:00:00,5.0,299.8,23.08,372,4.2e-05,99.9537
2026-08-15T04:15:00,5.24,271.5,45.55,384,7.7e-05,99.9346
2026-08-15T04:30:00,5.0,272.0,34.0,166,2.5e-05,99.9622
2026-08-15T04:45:00,12.43,300.3,36.68,838,0.00015,99.9609
2026-08-15T05:00:00,11.1,307.6,20.97,250,2.6e-05,99.9861
2026-08-15T05:15:00,7.3,315.1,35.23,657,0.000119,99.929
2026-08-15T05:30:00,5.0,284.3,33.28,277,4.3e-05,99.9523
2026-08-15T05:45:00,5.0,296.7,47.19,183,4.2e-05,99.9917
2026-08-15T06:00:00,26.56,437.9,74.66,1601,0.000852,99.9692
2026-08-15T06:15:00,36.47,413.5,75.25,1657,0.000839,99.9382
2026-08-15T06:30:00,27.64,454.0,79.38,1691,0.000992,99.9628
2026-08-15T06:45:00,37.73,409.7,87.91,1641,0.000962,99.9403
2026-08-15T07:00:00,21.2,392.0,79.21,1377,0.000696,99.9445
2026-08-15T07:15:00,20.12,367.7,64.66,1100,0.000426,99.9769
2026-08-15T07:30:00,31.33,377.5,68.38,1527,0.000642,99.9869
2026-08-15T07:45:00,36.02,417.9,77.22,2005,0.001053,99.9402
2026-08-15T08:00:00,23.33,391.1,47.43,1413,0.000427,99.9496
2026-08-15T08:15:00,24.01,377.4,83.88,1421,0.000732,99.9693
2026-08-15T08:30:00,24.83,396.0,82.01,1700,0.000899,99.991
2026-08-15T08:45:00,25.83,483.3,88.08,1808,0.001253,99.9416
2026-08-15T09:00:00,18.04,404.6,77.21,1580,0.000803,99.9732
2026-08-15T09:15:00,28.86,410.6,100.62,1600,0.001076,99.9493
2026-08-15T09:30:00,20.56,345.7,68.24,881,0.000338,99.9481
2026-08-15T09:45:00,13.59,361.2,50.58,979,0.000291,99.9548
2026-08-15T10:00:00,44.77,500.7,112.7,2464,0.002263,99.9636
2026-08-15T10:15:00,44.69,518.3,77.14,2517,0.001638,99.925
2026-08-15T10:30:00,85.61,760.6,213.24,4867,0.012849,99.9263
2026-08-15T10:45:00,42.24,464.0,88.9,2161,0.001451,99.9556
2026-08-15T11:00:00,31.1,483.6,78.99,2384,0.001482,99.9559
2026-08-15T11:15:00,56.17,549.2,152.28,2704,0.003681,99.9474
2026-08-15T11:30:00,53.71,545.0,109.85,2374,0.002313,99.9475
2026-08-15T11:45:00,38.25,474.4,118.76,2045,0.001875,99.9687
2026-08-15T12:00:00,53.86,539.2,109.31,2561,0.002457,99.9677
2026-08-15T12:15:00,36.85,431.3,108.58,2010,0.001532,99.9582
2026-08-15T12:30:00,46.6,506.3,124.33,2514,0.002576,99.9585
2026-08-15T12:45:00,37.98,443.4,88.88,2127,0.001364,99.9545
2026-08-15T13:00:00,55.19,531.7,97.65,2635,0.002227,99.9297
2026-08-15T13:15:00,47.22,498.1,80.75,2377,0.001556,99.9534
2026-08-15T13:30:00,36.62,461.8,121.11,2199,0.002002,99.9267
2026-08-15T13:45:00,40.13,487.2,128.31,2466,0.002509,99.9452
2026-08-15T14:00:00,35.03,454.7,90.78,2074,0.001394,99.9395
2026-08-15T14:15:00,47.55,503.0,88.45,2568,0.001859,99.9246
2026-08-15T14:30:00,34.02,483.2,101.76,2148,0.001719,99.9292
2026-08-15T14:45:00,52.04,567.4,115.66,3176,0.003392,99.967
2026-08-15T15:00:00,37.51,492.1,111.63,2381,0.002129,99.9434
2026-08-15T15:15:00,43.38,486.1,110.77,2070,0.001814,99.953
2026-08-15T15:30:00,37.21,439.6,112.76,1972,0.001591,99.9794
2026-08-15T15:45:00,40.14,466.4,73.33,1988,0.001107,99.9754
2026-08-15T16:00:00,47.7,530.4,100.48,2469,0.002142,99.9412
2026-08-15T16:15:00,51.26,518.5,92.38,2784,0.00217,99.9639
2026-08-15T16:30:00,42.35,556.3,72.31,2740,0.001794,99.9415
2026-08-15T16:45:00,32.31,464.3,90.24,1705,0.001163,99.927
2026-08-15T17:00:00,37.0,509.2,103.14,2473,0.002114,99.9525
2026-08-15T17:15:00,45.21,541.9,117.55,2914,0.003021,99.9719
2026-08-15T17:30:00,32.66,468.5,77.75,2218,0.001315,99.9641
2026-08-15T17:45:00,30.06,439.9,89.86,1889,0.001215,99.9878
2026-08-15T18:00:00,22.63,424.7,60.09,1387,0.000576,99.9499
2026-08-15T18:15:00,19.56,399.6,59.23,1109,0.000427,99.969
2026-08-15T18:30:00,28.4,434.4,72.58,1893,0.000971,99.9548
2026-08-15T18:45:00,24.24,390.9,83.42,1547,0.000821,99.9618
2026-08-15T19:00:00,25.88,400.2,80.21,1235,0.000645,99.9269
2026-08-15T19:15:00,26.52,456.6,87.6,1769,0.001152,99.9753
2026-08-15T19:30:00,32.82,453.0,69.59,1907,0.000978,99.9606
2026-08-15T19:45:00,30.98,458.8,79.07,1600,0.000945,99.9647
2026-08-15T20:00:00,35.58,403.4,66.77,1510,0.000662,99.9561
2026-08-15T20:15:00,29.11,412.1,85.7,1375,0.00079,99.9618
2026-08-15T20:30:00,23.97,399.7,69.42,925,0.000418,99.9577
2026-08-15T20:45:00,30.9,426.3,100.57,1664,0.001161,99.9648
2026-08-15T21:00:00,27.33,407.3,71.3,1578,0.000746,99.9107
2026-08-15T21:15:00,23.37,401.1,81.1,1469,0.000778,99.9614
2026-08-15T21:30:00,18.88,316.8,65.21,1307,0.000439,99.9254
2026-08-15T21:45:00,16.86,384.4,65.99,804,0.000332,99.9656
2026-08-15T22:00:00,14.72,302.1,44.35,352,7.7e-05,99.9586
2026-08-15T22:15:00,15.76,380.8,51.63,952,0.000305,99.9438
2026-08-15T22:30:00,34.23,448.3,102.69,1713,0.001284,99.9473
2026-08-15T22:45:00,8.75,362.0,56.03,857,0.000283,99.932
2026-08-15T23:00:00,17.82,265.8,39.79,462,8e-05,99.9451
2026-08-15T23:15:00,14.48,324.4,55.5,710,0.000208,99.9778
2026-08-15T23:30:00,9.4,301.5,47.84,510,0.00012,99.9824
2026-08-15T23:45:00,5.41,284.5,27.84,678,8.7e-05,99.9563
2026-08-16T00:00:00,5.0,305.3,24.14,43,5e-06,99.9713
2026-08-16T00:15:00,14.13,318.1,48.12,742,0.000185,99.938
2026-08-16T00:30:00,12.74,343.3,55.97,1004,0.000314,99.9484
2026-08-16T00:45:00,10.92,269.2,35.62,450,7e-05,99.9653
2026-08-16T01:00:00,5.0,285.4,25.95,332,4e-05,99.9411
2026-08-16T01:15:00,5.0,277.1,23.86,323,3.5e-05,99.9466
2026-08-16T01:30:00,5.0,305.7,42.46,581,0.000123,99.9403
2026-08-16T01:45:00,5.0,273.1,33.59,364,5.4e-05,99.9665
2026-08-16T02:00:00,6.72,287.8,34.16,247,4e-05,99.9418
2026-08-16T02:15:00,9.56,305.2,30.54,316,4.8e-05,99.9319
2026-08-16T02:30:00,5.0,323.1,40.63,585,0.000125,99.9157
2026-08-16T02:45:00,5.0,296.5,34.68,362,6.1e-05,99.9145
2026-08-16T03:00:00,9.05,257.6,21.31,111,1e-05,99.9312
2026-08-16T03:15:00,5.0,241.9,26.72,264,2.8e-05,99.9857
2026-08-16T03:30:00,10.91,345.1,41.67,522,0.000122,99.9971
2026-08-16T03:45:00,5.0,264.5,27.29,153,1.8e-05,99.9637
2026-08-16T04:00:00,8.17,317.1,39.68,263,5.4e-05,99.9723
2026-08-16T04:15:00,9.44,312.4,32.97,272,4.6e-05,99.9293
2026-08-16T04:30:00,5.0,265.0,25.03,0,0.0,99.9594
2026-08-16T04:45:00,10.06,281.4,30.38,263,3.7e-05,99.9633
2026-08-16T05:00:00,5.0,286.5,39.37,474,8.7e-05,99.9287
2026-08-16T05:15:00,7.77,313.3,41.22,386,8.1e-05,99.9504
2026-08-16T05:30:00,7.62,297.5,36.13,281,4.9e-05,99.9522
2026-08-16T05:45:00,10.68,279.3,42.72,453,8.8e-05,99.9486
2026-08-16T06:00:00,17.41,380.1,71.58,1315,0.000582,99.9184
2026-08-16T06:15:00,27.58,417.4,67.51,1446,0.000663,99.9668
2026-08-16T06:30:00,16.41,369.2,77.07,1146,0.000531,99.9511
2026-08-16T06:45:00,19.08,403.6,67.33,1433,0.000634,99.9268
2026-08-16T07:00:00,32.63,447.3,81.71,1611,0.000958,99.9505
2026-08-16T07:15:00,26.92,383.1,94.61,1807,0.001066,99.9551
2026-08-16T07:30:00,13.83,381.9,54.16,1111,0.000374,99.9438
2026-08-16T07:45:00,26.45,379.8,56.33,1153,0.000402,99.9372
2026-08-16T08:00:00,25.12,421.5,64.74,1413,0.000628,99.9349
2026-08-16T08:15:00,24.56,434.8,65.09,1456,0.000671,99.9414
2026-08-16T08:30:00,30.02,413.1,77.24,1506,0.000782,99.9671
2026-08-16T08:45:00,20.22,363.4,61.86,1326,0.000485,99.9584
2026-08-16T09:00:00,17.58,372.7,47.95,894,0.00026,99.9443
2026-08-16T09:15:00,38.46,433.9,102.87,1663,0.001208,99.9588
2026-08-16T09:30:00,28.16,418.8,74.22,1354,0.000685,99.9492
2026-08-16T09:45:00,31.89,438.8,72.45,1724,0.000892,99.9235
2026-08-16T10:00:00,42.2,464.0,91.64,2166,0.001499,99.9625
2026-08-16T10:15:00,23.02,472.8,100.36,2057,0.001589,99.9375
2026-08-16T10:30:00,44.85,550.4,115.62,2660,0.002755,99.94
2026-08-16T10:45:00,43.14,498.8,123.86,2367,0.00238,99.9725
2026-08-16T11:00:00,48.08,471.0,139.76,2311,0.002476,99.9408
2026-08-16T11:15:00,35.72,523.3,86.74,2287,0.00169,99.9424
2026-08-16T11:30:00,36.39,509.9,91.31,2010,0.001523,99.9558
2026-08-16T11:45:00,55.95,553.7,136.03,2877,0.003527,99.9471
2026-08-16T12:00:00,44.49,503.8,119.68,2397,0.002353,99.9489
2026-08-16T12:15:00,53.0,517.4,132.27,2706,0.003014,99.9584
2026-08-16T12:30:00,44.99,476.2,122.15,1866,0.001766,99.9783
2026-08-16T12:45:00,41.8,532.0,89.51,2381,0.001845,99.9448
2026-08-16T13:00:00,37.4,485.6,96.3,1843,0.001403,99.9162
2026-08-16T13:15:00,37.89,470.1,94.71,1515,0.001098,99.9343
2026-08-16T13:30:00,44.2,480.5,104.93,1961,0.001609,99.939
2026-08-16T13:45:00,35.21,471.5,108.28,2228,0.001851,99.9718
2026-08-16T14:00:00,47.25,506.7,114.56,2484,0.002347,99.9349
2026-08-16T14:15:00,37.81,492.5,119.21,2078,0.001986,99.9486
2026-08-16T14:30:00,35.22,506.9,94.09,1965,0.001525,99.9403
2026-08-16T14:45:00,35.22,475.9,110.89,2213,0.001901,99.9427
2026-08-16T15:00:00,46.07,546.3,117.83,2555,0.002677,99.965
2026-08-16T15:15:00,44.35,553.0,114.33,3002,0.003089,99.9603
2026-08-16T15:30:00,35.18,487.9,108.34,2339,0.002012,99.9574
2026-08-16T15:45:00,48.6,504.4,118.03,2450,0.002374,99.9733
2026-08-16T16:00:00,41.71,499.3,115.25,2197,0.002058,99.9366
2026-08-16T16:15:00,45.03,544.5,87.77,2641,0.002054,99.9799
2026-08-16T16:30:00,42.62,501.5,111.1,2265,0.002054,99.945
2026-08-16T16:45:00,35.41,472.3,101.73,1864,0.001458,99.94
2026-08-16T17:00:00,45.97,502.9,82.76,2033,0.001377,99.9709
2026-08-16T17:15:00,39.33,527.4,122.94,2151,0.00227,99.971
2026-08-16T17:30:00,38.08,455.1,83.39,1986,0.001227,99.9194
2026-08-16T17:45:00,42.14,467.0,118.94,2002,0.00181,100.0
2026-08-16T18:00:00,35.14,430.5,66.61,1889,0.000882,99.9694
2026-08-16T18:15:00,17.13,403.0,50.11,1383,0.000455,99.9396
2026-08-16T18:30:00,20.91,371.3,52.04,1509,0.000474,99.9669
2026-08-16T18:45:00,28.93,422.5,84.52,1754,0.001019,99.9501
2026-08-16T19:00:00,33.93,452.0,88.04,1833,0.001187,99.951
2026-08-16T19:15:00,36.86,423.3,86.87,1513,0.000905,99.9556
2026-08-16T19:30:00,24.84,395.0,74.88,1366,0.000658,99.9586
2026-08-16T19:45:00,30.71,440.1,56.35,1770,0.000714,99.9207
2026-08-16T20:00:00,28.52,412.7,70.7,1175,0.000558,99.9548
2026-08-16T20:15:00,34.99,414.4,102.18,1479,0.001019,99.9286
2026-08-16T20:30:00,33.51,457.7,90.81,1953,0.001321,99.9344
2026-08-16T20:45:00,29.29,374.6,84.6,1745,0.0009,99.961
2026-08-16T21:00:00,21.17,367.8,67.12,1386,0.000557,99.9464
2026-08-16T21:15:00,29.34,460.5,86.61,1621,0.001052,99.9411
2026-08-16T21:30:00,28.73,400.4,73.77,1274,0.000612,99.9485
2026-08-16T21:45:00,32.75,400.8,80.8,1395,0.000735,99.953
2026-08-16T22:00:00,13.04,264.8,36.23,566,8.8e-05,99.9448
2026-08-16T22:15:00,6.51,296.2,36.05,575,0.0001,99.9202
2026-08-16T22:30:00,9.34,324.7,34.81,559,0.000103,99.9734
2026-08-16T22:45:00,5.0,291.6,45.89,342,7.4e-05,99.9467
2026-08-16T23:00:00,14.18,342.4,56.05,1032,0.000322,99.9489
2026-08-16T23:15:00,5.0,287.8,25.76,227,2.7e-05,99.9567
2026-08-16T23:30:00,15.29,383.8,58.21,637,0.000232,99.9281
2026-08-16T23:45:00,5.23,324.6,43.1,131,3e-05,99.9185
2026-08-17T00:00:00,17.18,332.7,39.28,357,7.6e-05,99.9985
2026-08-17T00:15:00,8.9,329.6,29.05,356,5.5e-05,99.954
2026-08-17T00:30:00,5.12,319.0,36.51,289,5.5e-05,99.9559
2026-08-17T00:45:00,6.59,287.3,45.78,601,0.000129,99.9342
2026-08-17T01:00:00,17.89,317.0,46.1,875,0.000208,99.9705
2026-08-17T01:15:00,6.39,247.2,24.74,289,2.9e-05,99.9629
2026-08-17T01:30:00,7.52,289.4,27.53,0,0.0,99.9258
2026-08-17T01:45:00,5.46,309.7,37.49,402,7.6e-05,99.9655
2026-08-17T02:00:00,9.79,302.0,38.03,347,6.5e-05,99.9498
2026-08-17T02:15:00,16.14,329.6,44.65,795,0.00019,99.9613
2026-08-17T02:30:00,15.9,374.0,54.66,916,0.000305,99.9415
2026-08-17T02:45:00,7.03,313.0,38.46,681,0.000133,99.9458
2026-08-17T03:00:00,12.38,314.2,32.6,411,6.9e-05,99.9615
2026-08-17T03:15:00,18.51,362.9,60.23,996,0.000354,99.9179
2026-08-17T03:30:00,9.4,291.6,35.58,451,7.6e-05,99.9438
2026-08-17T03:45:00,16.96,350.8,45.97,731,0.000192,99.9456
2026-08-17T04:00:00,7.91,356.0,35.31,964,0.000197,99.9572
2026-08-17T04:15:00,14.01,310.5,44.28,746,0.000167,99.9392
2026-08-17T04:30:00,7.77,347.0,43.83,654,0.000162,99.8961
2026-08-17T04:45:00,5.0,344.3,43.17,671,0.000162,99.976
2026-08-17T05:00:00,5.74,341.8,48.53,433,0.000117,99.9122
2026-08-17T05:15:00,12.53,319.2,63.6,1011,0.000334,99.9919
2026-08-17T05:30:00,13.73,393.2,56.28,1064,0.000383,99.9508
2026-08-17T05:45:00,22.31,380.8,54.05,1108,0.000371,99.9675
2026-08-17T06:00:00,40.6,504.8,102.62,2152,0.001815,99.9794
2026-08-17T06:15:00,53.07,573.3,124.15,2827,0.003275,99.9577
2026-08-17T06:30:00,48.97,516.7,117.76,2704,0.002678,99.918
2026-08-17T06:45:00,37.99,495.2,76.03,1946,0.001193,99.974
2026-08-17T07:00:00,40.94,518.2,118.5,2509,0.002508,99.9652
2026-08-17T07:15:00,26.64,436.8,95.37,2069,0.001403,99.9315
2026-08-17T07:30:00,34.12,461.4,107.61,1879,0.001518,99.9505
2026-08-17T07:45:00,40.38,487.8,76.56,1921,0.001168,99.9388
2026-08-17T08:00:00,48.49,565.9,111.95,2879,0.002968,99.9377
2026-08-17T08:15:00,43.09,438.2,93.84,1839,0.001231,99.9817
2026-08-17T08:30:00,46.44,561.0,117.72,2653,0.002852,99.9541
2026-08-17T08:45:00,47.95,519.0,86.59,2674,0.001956,99.9495
2026-08-17T09:00:00,44.22,539.9,125.51,2466,0.00272,99.9218
2026-08-17T09:15:00,47.81,497.5,107.6,2399,0.00209,99.948
2026-08-17T09:30:00,52.86,593.9,127.96,3299,0.004081,99.9571
2026-08-17T09:45:00,33.22,527.1,84.85,2348,0.001709,99.9173
2026-08-17T10:00:00,78.91,742.5,171.87,4305,0.008941,99.9316
2026-08-17T10:15:00,73.02,685.7,119.6,4099,0.005472,99.9204
2026-08-17T10:30:00,62.22,602.7,142.6,3445,0.004819,99.91
2026-08-17T10:45:00,73.68,708.9,184.65,4169,0.008882,99.8082
2026-08-17T11:00:00,71.54,708.7,145.08,3915,0.006552,99.9266
2026-08-17T11:15:00,70.67,708.6,184.33,4245,0.009025,99.9414
2026-08-17T11:30:00,62.82,656.6,207.81,4140,0.009194,99.9234
2026-08-17T11:45:00,80.34,732.4,175.85,4011,0.008408,99.9097
2026-08-17T12:00:00,73.56,674.6,181.85,3888,0.007763,99.9203
2026-08-17T12:15:00,67.05,689.5,155.16,3688,0.006421,99.9756
2026-08-17T12:30:00,57.0,625.1,168.6,3320,0.005695,99.9058
2026-08-17T12:45:00,77.81,733.8,218.13,4349,0.01133,99.9568
2026-08-17T13:00:00,62.09,637.6,178.03,3836,0.007087,99.9272
2026-08-17T13:15:00,55.53,645.9,143.11,3446,0.005184,99.9028
2026-08-17T13:30:00,85.11,742.6,211.99,4793,0.012281,99.8963
2026-08-17T13:45:00,63.53,635.6,184.51,3509,0.006698,99.9622
2026-08-17T14:00:00,79.29,729.2,182.29,4374,0.009463,99.8371
2026-08-17T14:15:00,68.54,634.7,184.15,3693,0.007026,99.9381
2026-08-17T14:30:00,80.88,760.0,145.54,4589,0.008262,99.8856
2026-08-17T14:45:00,74.65,726.4,161.78,4189,0.008012,99.9206
2026-08-17T15:00:00,57.64,625.9,152.65,3256,0.005063,99.9433
2026-08-17T15:15:00,74.77,734.3,198.82,4392,0.010437,99.9495
2026-08-17T15:30:00,62.8,617.2,133.83,3507,0.004715,99.9499
2026-08-17T15:45:00,77.14,714.3,236.97,4575,0.012604,99.8051
2026-08-17T16:00:00,57.24,626.2,133.33,3219,0.004374,99.9372
2026-08-17T16:15:00,57.93,591.8,159.68,3495,0.005376,99.9116
2026-08-17T16:30:00,89.64,772.7,215.84,4547,0.012343,99.8509
2026-08-17T16:45:00,74.53,754.8,175.55,4090,0.008821,99.816
2026-08-17T17:00:00,48.16,564.4,142.96,3011,0.003954,99.9248
2026-08-17T17:15:00,85.77,742.0,183.36,4517,0.010003,99.8562
2026-08-17T17:30:00,75.09,714.6,177.9,4275,0.008846,99.84
2026-08-17T17:45:00,68.3,670.4,200.22,3760,0.008215,99.9363
2026-08-17T18:00:00,44.35,586.1,131.8,2724,0.003425,99.952
2026-08-17T18:15:00,31.69,432.1,76.75,1975,0.001066,99.9255
2026-08-17T18:30:00,52.94,595.1,138.94,3177,0.004275,99.9359
2026-08-17T18:45:00,55.08,572.3,142.15,3158,0.004182,99.9372
2026-08-17T19:00:00,44.82,574.7,126.85,2734,0.003244,99.9309
2026-08-17T19:15:00,36.32,470.3,88.38,2126,0.001438,99.9894
2026-08-17T19:30:00,48.31,536.4,97.22,2737,0.002323,99.95
2026-08-17T19:45:00,31.13,470.3,80.73,1952,0.001206,99.9597
2026-08-17T20:00:00,78.6,791.1,155.73,5086,0.010199,99.789
2026-08-17T20:15:00,40.54,506.2,110.06,1982,0.001797,99.9644
2026-08-17T20:30:00,51.88,567.2,144.04,3137,0.004171,99.9404
2026-08-17T20:45:00,32.9,459.7,86.55,2001,0.001296,99.912
2026-08-17T21:00:00,44.59,542.7,138.26,2942,0.003593,99.9821
2026-08-17T21:15:00,48.99,566.6,120.45,2938,0.003264,99.97
2026-08-17T21:30:00,40.2,473.7,88.25,2357,0.001604,99.9294
2026-08-17T21:45:00,37.93,445.7,82.82,1584,0.000952,99.9689
2026-08-17T22:00:00,25.92,365.0,78.2,1228,0.00057,99.9673
2026-08-17T22:15:00,28.17,397.4,72.05,1253,0.000584,99.9328
2026-08-17T22:30:00,15.51,333.1,45.3,659,0.000162,99.926
2026-08-17T22:45:00,12.47,364.0,50.81,953,0.000287,99.9604
2026-08-17T23:00:00,26.07,408.1,53.39,1562,0.000554,99.9613
2026-08-17T23:15:00,13.4,300.5,60.57,568,0.000168,99.9289
2026-08-17T23:30:00,18.44,355.7,47.33,1137,0.000312,99.909
2026-08-17T23:45:00,5.0,306.0,40.45,543,0.000109,99.962
2026-08-18T00:00:00,6.73,281.2,30.03,518,7.1e-05,99.9317
2026-08-18T00:15:00,12.64,310.5,42.45,738,0.000158,99.9772
2026-08-18T00:30:00,9.96,357.2,49.02,570,0.000162,99.962
2026-08-18T00:45:00,12.62,315.5,47.39,753,0.000183,99.9341
2026-08-18T01:00:00,7.06,342.9,46.28,596,0.000154,99.9532
2026-08-18T01:15:00,10.04,278.6,41.36,263,4.9e-05,99.9701
2026-08-18T01:30:00,19.98,339.6,39.7,1163,0.000255,99.9632
2026-08-18T01:45:00,14.94,378.5,53.0,721,0.000235,99.9715
2026-08-18T02:00:00,5.0,287.6,30.76,431,6.2e-05,99.9733
2026-08-18T02:15:00,7.42,324.7,46.29,296,7.2e-05,99.924
2026-08-18T02:30:00,18.96,329.5,53.04,686,0.000195,99.9972
2026-08-18T02:45:00,5.55,346.1,34.95,373,7.3e-05,99.9522
2026-08-18T03:00:00,28.79,443.0,103.91,1712,0.001283,99.9568
2026-08-18T03:15:00,9.13,328.1,30.9,664,0.00011,99.904
2026-08-18T03:30:00,5.0,284.4,39.07,681,0.000123,99.9965
2026-08-18T03:45:00,12.18,326.2,42.74,519,0.000118,99.9461
2026-08-18T04:00:00,9.94,312.7,44.9,646,0.000148,99.9725
2026-08-18T04:15:00,13.64,314.7,44.8,571,0.000131,99.928
2026-08-18T04:30:00,8.24,277.3,28.99,732,9.6e-05,99.919
2026-08-18T04:45:00,11.4,255.1,27.05,225,2.5e-05,99.9168
2026-08-18T05:00:00,25.0,381.8,41.49,663,0.000171,99.9238
2026-08-18T05:15:00,18.86,353.0,45.27,524,0.000136,99.9195
2026-08-18T05:30:00,7.33,318.1,30.85,434,6.9e-05,99.9795
2026-08-18T05:45:00,5.0,293.1,27.96,99,1.3e-05,99.9508
2026-08-18T06:00:00,47.94,506.6,87.38,2532,0.001824,99.9328
2026-08-18T06:15:00,56.75,555.9,117.08,3113,0.003297,99.9022
2026-08-18T06:30:00,44.76,504.8,96.78,2221,0.001766,99.9324
2026-08-18T06:45:00,50.62,558.8,88.09,2588,0.002073,99.9392
2026-08-18T07:00:00,48.92,554.6,131.54,3004,0.003567,99.946
2026-08-18T07:15:00,53.51,612.1,116.78,3003,0.003494,99.9114
2026-08-18T07:30:00,30.21,518.9,96.82,2208,0.001806,99.9712
2026-08-18T07:45:00,56.33,591.1,123.0,3131,0.003705,99.925
2026-08-18T08:00:00,33.69,514.6,117.02,1898,0.00186,99.9361
2026-08-18T08:15:00,53.4,554.1,157.25,2938,0.004167,99.969
2026-08-18T08:30:00,43.49,533.6,107.29,2679,0.002497,99.9451
2026-08-18T08:45:00,46.72,560.5,78.52,2808,0.002011,99.9587
2026-08-18T09:00:00,43.01,500.2,115.33,2331,0.002188,99.9253
2026-08-18T09:15:00,38.5,432.3,77.11,1869,0.001014,99.9588
2026-08-18T09:30:00,40.82,572.4,157.95,2938,0.004323,99.9665
2026-08-18T09:45:00,29.56,547.6,127.21,2062,0.002338,99.952
2026-08-18T10:00:00,70.86,710.1,208.28,3668,0.00883,99.9421
2026-08-18T10:15:00,90.71,795.3,205.37,4881,0.012976,99.8497
2026-08-18T10:30:00,75.19,669.1,134.94,3849,0.005656,99.9004
2026-08-18T10:45:00,78.2,763.1,227.44,5054,0.014277,99.8744
2026-08-18T11:00:00,71.14,682.5,177.45,3710,0.007312,99.962
2026-08-18T11:15:00,86.73,712.2,190.09,4509,0.009935,99.8165
2026-08-18T11:30:00,65.66,698.1,147.34,4367,0.00731,99.9248
2026-08-18T11:45:00,65.04,679.1,192.31,3804,0.008086,99.9301
2026-08-18T12:00:00,80.45,737.6,184.4,4386,0.009709,99.8035
2026-08-18T12:15:00,63.59,731.5,141.97,3980,0.006728,99.9445
2026-08-18T12:30:00,67.92,692.3,193.68,4225,0.009221,99.8618
2026-08-18T12:45:00,52.29,585.6,118.56,3432,0.003878,99.9569
2026-08-18T13:00:00,70.68,668.7,135.75,3859,0.005702,99.9532
2026-08-18T13:15:00,75.23,718.5,200.57,3624,0.0085,99.9087
2026-08-18T13:30:00,69.74,675.9,181.51,3884,0.007755,99.9317
2026-08-18T13:45:00,57.5,630.4,212.87,3338,0.007291,99.8989
2026-08-18T14:00:00,61.93,647.6,192.97,4052,0.008242,99.9655
2026-08-18T14:15:00,54.28,632.4,145.02,2853,0.004259,99.8869
2026-08-18T14:30:00,62.02,635.3,123.36,3687,0.004703,99.8832
2026-08-18T14:45:00,78.71,757.6,180.73,4782,0.010658,99.9752
2026-08-18T15:00:00,65.58,583.4,145.8,3063,0.00424,99.9281
2026-08-18T15:15:00,72.73,654.5,170.18,4328,0.007846,99.9024
2026-08-18T15:30:00,79.54,769.2,223.26,4807,0.013436,99.8894
2026-08-18T15:45:00,81.78,719.8,203.58,4786,0.011414,99.8058
2026-08-18T16:00:00,83.28,744.1,151.62,4620,0.008484,99.8761
2026-08-18T16:15:00,70.18,671.3,165.59,3943,0.007134,99.9598
2026-08-18T16:30:00,81.82,761.3,210.17,4716,0.012281,99.8526
2026-08-18T16:45:00,82.6,770.7,153.54,4743,0.009135,99.807
2026-08-18T17:00:00,68.44,629.2,132.01,3445,0.004657,99.9395
2026-08-18T17:15:00,61.84,657.9,162.36,3608,0.006272,99.9004
2026-08-18T17:30:00,57.79,579.0,192.53,3632,0.00659,99.9036
2026-08-18T17:45:00,59.79,623.0,146.75,3551,0.005284,99.9091
2026-08-18T18:00:00,87.94,733.2,288.06,4756,0.01635,99.7996
2026-08-18T18:15:00,36.39,442.8,104.45,1860,0.0014,99.9358
2026-08-18T18:30:00,42.4,513.2,133.98,2332,0.00261,99.9457
2026-08-18T18:45:00,46.42,491.5,138.96,2349,0.002611,99.9289
2026-08-18T19:00:00,40.16,546.2,91.17,2613,0.002118,99.9548
2026-08-18T19:15:00,38.31,440.2,89.84,1677,0.001079,99.9924
2026-08-18T19:30:00,39.94,466.1,85.27,2021,0.001307,99.9413
2026-08-18T19:45:00,31.98,490.1,67.56,1686,0.000909,99.9421
2026-08-18T20:00:00,31.1,456.6,93.28,2144,0.001486,99.9636
2026-08-18T20:15:00,56.53,543.0,113.04,2967,0.002964,99.9711
2026-08-18T20:30:00,31.07,428.6,87.97,1866,0.001145,99.9058
2026-08-18T20:45:00,34.37,504.0,94.77,2237,0.001739,99.9774
2026-08-18T21:00:00,39.35,502.3,108.27,2333,0.002065,99.9383
2026-08-18T21:15:00,48.37,569.7,153.97,2856,0.004077,99.9461
2026-08-18T21:30:00,52.7,564.5,107.59,3023,0.002988,99.9724
2026-08-18T21:45:00,47.34,503.7,109.84,2071,0.001865,99.9675
2026-08-18T22:00:00,24.42,400.3,58.29,1121,0.000426,99.9759
2026-08-18T22:15:00,26.58,390.5,63.96,1232,0.000501,99.9354
2026-08-18T22:30:00,18.42,371.8,75.63,1185,0.000542,99.9601
2026-08-18T22:45:00,16.5,379.7,66.96,1174,0.000486,99.9965
2026-08-18T23:00:00,24.93,412.5,76.08,1360,0.000695,99.9195
2026-08-18T23:15:00,19.27,331.4,67.01,784,0.000283,99.9881
2026-08-18T23:30:00,15.21,328.8,47.37,976,0.000247,99.9407
2026-08-18T23:45:00,24.38,384.0,70.16,1278,0.00056,99.9882
2026-08-19T00:00:00,16.74,317.5,47.43,561,0.000137,99.9414
2026-08-19T00:15:00,5.0,282.7,29.42,470,6.4e-05,99.9201
2026-08-19T00:30:00,13.24,354.3,49.58,812,0.000232,99.9375
2026-08-19T00:45:00,9.62,293.3,46.94,522,0.000117,99.9828
2026-08-19T01:00:00,5.74,345.0,46.41,791,0.000206,99.9105
2026-08-19T01:15:00,7.49,272.8,42.9,147,2.8e-05,99.9288
2026-08-19T01:30:00,15.81,340.6,68.35,886,0.000336,99.987
2026-08-19T01:45:00,10.79,309.0,40.53,531,0.000108,99.9873
2026-08-19T02:00:00,5.0,290.7,29.83,537,7.6e-05,99.9477
2026-08-19T02:15:00,13.21,336.7,49.77,440,0.00012,99.9444
2026-08-19T02:30:00,5.0,304.6,29.3,52,8e-06,99.9792
2026-08-19T02:45:00,5.24,293.2,30.29,238,3.4e-05,99.9633
2026-08-19T03:00:00,18.49,302.2,46.86,779,0.00018,99.9917
2026-08-19T03:15:00,9.76,399.0,38.56,964,0.000241,99.9451
2026-08-19T03:30:00,5.0,299.0,41.3,325,6.5e-05,99.9251
2026-08-19T03:45:00,5.0,314.1,36.91,256,4.8e-05,99.9284
2026-08-19T04:00:00,5.0,288.8,31.14,172,2.5e-05,99.9454
2026-08-19T04:15:00,20.69,357.4,52.26,908,0.000276,99.9671
2026-08-19T04:30:00,16.42,324.5,41.54,397,8.7e-05,99.9722
2026-08-19T04:45:00,8.36,268.5,26.94,479,5.6e-05,99.9524
2026-08-19T05:00:00,21.6,357.8,51.05,763,0.000227,99.9629
2026-08-19T05:15:00,6.84,315.6,65.25,767,0.000257,99.9251
2026-08-19T05:30:00,18.15,295.9,50.28,704,0.00017,99.94
2026-08-19T05:45:00,10.03,293.6,29.92,451,6.4e-05,99.9587
2026-08-19T06:00:00,35.12,419.6,93.57,1903,0.001216,99.9642
2026-08-19T06:15:00,37.93,501.6,91.18,2273,0.001692,99.9599
2026-08-19T06:30:00,54.29,577.6,135.17,3047,0.003872,99.9577
2026-08-19T06:45:00,85.86,768.7,209.55,4915,0.012886,99.879
2026-08-19T07:00:00,47.33,506.3,113.96,2479,0.002328,99.9321
2026-08-19T07:15:00,24.15,457.0,86.63,1795,0.001157,99.9606
2026-08-19T07:30:00,41.64,488.8,121.9,2504,0.002428,99.923
2026-08-19T07:45:00,45.09,437.5,81.54,1791,0.00104,99.9493
2026-08-19T08:00:00,40.18,476.2,82.53,1968,0.001259,99.9496
2026-08-19T08:15:00,38.1,427.0,103.98,1571,0.001135,99.9248
2026-08-19T08:30:00,31.66,444.4,87.11,1730,0.00109,99.9121
2026-08-19T08:45:00,34.28,487.5,97.41,2178,0.001683,99.9882
2026-08-19T09:00:00,36.57,507.3,108.52,2199,0.00197,99.963
2026-08-19T09:15:00,44.71,511.9,130.07,2195,0.002379,99.9608
2026-08-19T09:30:00,42.99,574.9,118.5,2923,0.003241,99.9501
2026-08-19T09:45:00,26.2,414.3,119.29,1613,0.001298,99.9351
2026-08-19T10:00:00,54.37,580.8,126.88,3090,0.003706,99.9364
2026-08-19T10:15:00,66.72,636.0,170.9,3868,0.006843,99.9316
2026-08-19T10:30:00,60.87,695.9,203.25,4271,0.009832,99.9542
2026-08-19T10:45:00,64.51,643.2,174.13,3916,0.007138,99.9166
2026-08-19T11:00:00,58.7,614.8,129.01,2996,0.003868,99.9551
2026-08-19T11:15:00,79.18,731.3,162.82,4390,0.008508,99.8816
2026-08-19T11:30:00,66.31,676.5,177.97,3726,0.007301,99.9389
2026-08-19T11:45:00,70.55,681.8,186.77,4144,0.008589,99.931
2026-08-19T12:00:00,81.69,754.7,212.77,4594,0.012007,99.9033
2026-08-19T12:15:00,58.68,600.1,136.83,3077,0.004112,99.907
2026-08-19T12:30:00,77.17,771.3,203.48,4613,0.011784,99.9326
2026-08-19T12:45:00,61.45,615.6,190.31,3450,0.006578,99.9376
2026-08-19T13:00:00,60.85,631.0,172.42,3464,0.006134,99.8938
2026-08-19T13:15:00,75.9,732.4,229.51,4298,0.011758,99.9212
2026-08-19T13:30:00,85.56,771.6,170.53,4592,0.009834,99.8954
2026-08-19T13:45:00,61.56,590.0,136.27,3371,0.004411,99.9268
2026-08-19T14:00:00,61.18,641.7,194.41,3854,0.007825,99.9609
2026-08-19T14:15:00,62.48,650.2,130.38,3590,0.004954,99.9093
2026-08-19T14:30:00,68.15,650.8,129.5,3590,0.004925,99.9357
2026-08-19T14:45:00,61.36,622.9,150.48,2989,0.00456,99.9315
2026-08-19T15:00:00,75.53,741.6,184.72,4213,0.009393,99.8399
2026-08-19T15:15:00,66.15,676.0,121.96,3714,0.004983,99.9076
2026-08-19T15:30:00,59.87,615.4,195.32,3651,0.007142,99.9523
2026-08-19T15:45:00,62.91,646.7,132.17,3399,0.004729,99.9466
2026-08-19T16:00:00,49.88,593.7,129.67,2973,0.003725,99.9364
2026-08-19T16:15:00,83.54,751.3,185.9,4872,0.011075,99.911
2026-08-19T16:30:00,71.09,668.6,142.04,3958,0.006118,99.9502
2026-08-19T16:45:00,70.42,648.1,169.99,3673,0.006586,99.9245
2026-08-19T17:00:00,72.51,712.7,224.66,4284,0.011164,99.848
2026-08-19T17:15:00,70.31,705.9,139.23,4287,0.006858,99.9078
2026-08-19T17:30:00,49.28,581.6,140.06,3390,0.004494,99.9372
2026-08-19T17:45:00,67.66,642.6,120.89,3536,0.004471,99.9175
2026-08-19T18:00:00,47.39,556.3,109.35,2699,0.002672,99.9584
2026-08-19T18:15:00,30.65,438.1,83.59,1680,0.001001,99.9501
2026-08-19T18:30:00,42.85,501.4,91.41,2480,0.00185,99.9824
2026-08-19T18:45:00,38.06,482.9,92.44,2290,0.001664,99.9522
2026-08-19T19:00:00,43.79,433.4,96.58,1845,0.001257,99.9178
2026-08-19T19:15:00,42.49,568.2,120.97,3004,0.003361,99.9709
2026-08-19T19:30:00,40.27,490.1,128.15,2362,0.002414,99.9783
2026-08-19T19:45:00,37.62,464.3,97.36,1837,0.001352,99.9592
2026-08-19T20:00:00,77.47,714.2,228.9,4525,0.012041,99.8468
2026-08-19T20:15:00,49.88,549.9,144.57,2830,0.003662,99.8885
2026-08-19T20:30:00,34.06,422.0,78.77,1489,0.000806,99.9429
2026-08-19T20:45:00,30.62,454.3,118.75,1953,0.001715,99.9447
2026-08-19T21:00:00,49.34,569.3,118.76,2860,0.003147,99.9331
2026-08-19T21:15:00,52.97,604.2,160.53,3269,0.00516,99.9308
2026-08-19T21:30:00,42.77,505.7,128.27,2526,0.002667,99.9366
2026-08-19T21:45:00,40.03,532.1,102.26,2828,0.002505,99.922
2026-08-19T22:00:00,6.52,297.6,48.25,461,0.000108,99.9851
2026-08-19T22:15:00,21.51,410.0,48.94,1459,0.000477,99.9485
2026-08-19T22:30:00,17.18,385.7,69.75,891,0.00039,99.9358
2026-08-19T22:45:00,10.37,367.3,48.71,1118,0.000326,99.9406
2026-08-19T23:00:00,20.0,407.6,67.54,1195,0.000535,99.936
2026-08-19T23:15:00,19.29,392.9,68.36,1329,0.000581,99.9272
2026-08-19T23:30:00,19.14,339.7,42.21,736,0.000172,99.9614
2026-08-19T23:45:00,5.69,322.1,41.71,642,0.00014,99.9588
2026-08-20T00:00:00,13.93,390.3,43.74,865,0.00024,99.9246
2026-08-20T00:15:00,11.62,310.1,42.79,311,6.7e-05,99.9378
2026-08-20T00:30:00,11.08,329.1,44.87,716,0.000172,99.9379
2026-08-20T00:45:00,5.0,336.0,44.57,414,0.000101,99.9372
2026-08-20T01:00:00,17.74,357.2,37.27,965,0.000209,99.9253
2026-08-20T01:15:00,6.1,278.3,20.89,60,6e-06,99.9593
2026-08-20T01:30:00,10.69,303.8,37.29,123,2.3e-05,99.9543
2026-08-20T01:45:00,8.4,305.1,23.47,396,4.6e-05,99.9415
2026-08-20T02:00:00,9.36,301.4,50.84,502,0.000125,99.9753
2026-08-20T02:15:00,14.75,348.8,44.4,807,0.000203,99.9641
2026-08-20T02:30:00,12.77,338.6,40.01,642,0.000142,99.9846
2026-08-20T02:45:00,14.78,344.4,48.52,877,0.000239,99.9666
2026-08-20T03:00:00,13.54,355.6,42.67,417,0.000103,99.9588
2026-08-20T03:15:00,14.99,318.6,45.96,617,0.000147,99.973
2026-08-20T03:30:00,5.0,256.5,33.5,360,5e-05,99.9454
2026-08-20T03:45:00,14.66,310.1,55.12,448,0.000125,99.9658
2026-08-20T04:00:00,17.41,345.0,59.33,1067,0.000356,99.9389
2026-08-20T04:15:00,13.22,357.5,59.01,981,0.000337,99.9376
2026-08-20T04:30:00,9.77,324.6,46.43,710,0.000174,99.957
2026-08-20T04:45:00,14.4,328.7,41.63,1116,0.000249,99.9523
2026-08-20T05:00:00,10.6,264.5,34.79,496,7.4e-05,99.9409
2026-08-20T05:15:00,9.44,276.5,36.72,566,9.4e-05,99.9583
2026-08-20T05:30:00,15.12,330.7,51.03,591,0.000162,99.9506
2026-08-20T05:45:00,21.65,348.5,57.65,993,0.000325,99.9578
2026-08-20T06:00:00,57.83,574.1,147.62,2870,0.003959,99.9185
2026-08-20T06:15:00,43.86,523.6,101.79,2923,0.002536,99.9315
2026-08-20T06:30:00,46.34,541.6,126.65,2609,0.002913,99.9573
2026-08-20T06:45:00,32.2,465.7,102.49,1699,0.00132,99.9646
2026-08-20T07:00:00,44.55,498.1,94.01,2319,0.001767,99.9326
2026-08-20T07:15:00,51.89,534.8,92.27,2301,0.001848,99.9073
2026-08-20T07:30:00,41.16,518.1,132.61,2645,0.002958,99.9368
2026-08-20T07:45:00,49.88,530.4,130.97,2545,0.002877,99.9733
2026-08-20T08:00:00,42.05,469.1,92.47,2235,0.001578,99.9611
2026-08-20T08:15:00,35.95,472.4,115.88,2308,0.002056,99.9082
2026-08-20T08:30:00,31.6,485.9,79.57,2024,0.001274,99.9345
2026-08-20T08:45:00,51.04,518.1,79.78,2452,0.00165,99.9396
2026-08-20T09:00:00,52.25,582.9,111.51,2819,0.002982,99.9342
2026-08-20T09:15:00,44.55,539.0,132.19,2491,0.002889,100.0
2026-08-20T09:30:00,53.07,560.4,166.87,2712,0.004127,99.8912
2026-08-20T09:45:00,48.07,512.7,109.81,2670,0.002446,99.9567
2026-08-20T10:00:00,80.54,767.6,212.64,4833,0.01284,99.8979
2026-08-20T10:15:00,79.18,725.5,183.6,4615,0.010006,99.8024
2026-08-20T10:30:00,60.83,624.4,133.45,3643,0.00494,99.923
2026-08-20T10:45:00,74.88,696.9,209.24,4205,0.009981,99.8573
2026-08-20T11:00:00,67.23,610.5,166.41,3850,0.006366,99.9299
2026-08-20T11:15:00,87.93,755.2,199.81,4823,0.011846,99.8694
2026-08-20T11:30:00,60.53,627.9,148.77,3526,0.005361,99.905
2026-08-20T11:45:00,59.28,654.5,168.0,3248,0.005813,99.9424
2026-08-20T12:00:00,70.47,694.9,198.34,4035,0.009052,99.8141
2026-08-20T12:15:00,69.57,692.6,139.1,3795,0.005951,99.9423
2026-08-20T12:30:00,76.69,700.8,170.17,4434,0.008606,99.909
2026-08-20T12:45:00,75.92,742.7,184.15,4137,0.009209,99.9131
2026-08-20T13:00:00,76.85,748.4,142.36,4477,0.007763,99.8266
2026-08-20T13:15:00,63.69,652.6,150.93,3648,0.005848,99.9519
2026-08-20T13:30:00,79.38,650.3,145.52,4317,0.006649,99.9441
2026-08-20T13:45:00,75.05,754.1,210.84,4168,0.010787,99.8261
2026-08-20T14:00:00,63.99,655.8,137.85,3573,0.005258,99.973
2026-08-20T14:15:00,80.46,741.0,180.16,4095,0.008897,99.8016
2026-08-20T14:30:00,64.4,660.9,161.49,3545,0.006158,99.9136
2026-08-20T14:45:00,70.87,669.8,152.0,3999,0.006626,99.9434
2026-08-20T15:00:00,79.88,741.7,181.1,4555,0.009959,99.9409
2026-08-20T15:15:00,59.88,625.7,120.76,3321,0.004084,99.956
2026-08-20T15:30:00,54.25,582.6,163.1,3364,0.005203,99.9152
2026-08-20T15:45:00,77.15,690.6,172.62,3879,0.007526,99.8005
2026-08-20T16:00:00,64.47,619.6,159.6,3531,0.005683,99.9061
2026-08-20T16:15:00,79.1,717.5,171.89,4410,0.008853,99.9141
2026-08-20T16:30:00,65.38,668.4,186.33,3767,0.007636,99.9422
2026-08-20T16:45:00,85.16,720.4,167.66,4449,0.008746,99.9196
2026-08-20T17:00:00,63.94,672.2,185.03,3744,0.007579,99.9753
2026-08-20T17:15:00,85.02,747.7,202.72,4482,0.011057,99.8563
2026-08-20T17:30:00,65.21,685.4,107.44,3898,0.004672,99.8881
2026-08-20T17:45:00,61.49,654.8,209.33,3588,0.008005,99.9615
2026-08-20T18:00:00,29.5,438.4,65.73,1868,0.000876,99.923
2026-08-20T18:15:00,38.39,468.8,97.58,1929,0.001436,99.9587
2026-08-20T18:30:00,50.41,520.7,117.88,2756,0.002753,99.9956
2026-08-20T18:45:00,37.54,463.5,112.57,2215,0.001881,99.961
2026-08-20T19:00:00,50.1,589.1,148.7,3030,0.00432,99.9626
2026-08-20T19:15:00,43.51,527.9,105.05,2389,0.002156,99.9455
2026-08-20T19:30:00,86.99,755.8,188.97,4806,0.011172,99.9249
2026-08-20T19:45:00,41.26,469.5,118.5,2080,0.001884,99.9127
2026-08-20T20:00:00,51.18,591.4,156.16,2728,0.004101,99.9357
2026-08-20T20:15:00,48.35,529.7,92.26,2326,0.00185,99.917
2026-08-20T20:30:00,51.29,535.2,118.85,3153,0.003264,99.9332
2026-08-20T20:45:00,65.23,557.3,116.46,3094,0.003268,99.9872
2026-08-20T21:00:00,45.84,569.5,103.44,2498,0.002395,99.9704
2026-08-20T21:15:00,41.91,475.3,109.31,2280,0.001928,99.9558
2026-08-20T21:30:00,45.2,516.1,122.41,2270,0.002334,99.9546
2026-08-20T21:45:00,39.69,517.2,105.43,2389,0.00212,99.9909
2026-08-20T22:00:00,13.4,346.8,59.72,852,0.000287,99.9408
2026-08-20T22:15:00,9.67,317.6,45.64,865,0.000204,99.9676
2026-08-20T22:30:00,6.89,308.5,48.56,437,0.000107,99.9129
2026-08-20T22:45:00,5.0,345.8,50.26,329,9.3e-05,99.9726
2026-08-20T23:00:00,21.52,389.3,74.88,1189,0.000564,99.9757
2026-08-20T23:15:00,26.58,414.1,67.08,1500,0.000678,99.9674
2026-08-20T23:30:00,20.78,393.6,53.15,1387,0.000472,99.9484
2026-08-20T23:45:00,20.24,350.0,48.9,1230,0.000343,99.9655
2026-08-21T00:00:00,16.58,310.8,43.19,478,0.000104,99.9349
2026-08-21T00:15:00,11.69,274.7,42.78,491,9.4e-05,100.0
2026-08-21T00:30:00,8.33,316.7,38.63,513,0.000102,99.9415
2026-08-21T00:45:00,5.0,294.5,33.41,346,5.5e-05,99.9197
2026-08-21T01:00:00,9.76,330.1,34.77,374,7e-05,99.9248
2026-08-21T01:15:00,14.49,348.4,54.67,969,0.0003,99.9609
2026-08-21T01:30:00,6.93,274.5,32.89,449,6.6e-05,99.939
2026-08-21T01:45:00,9.91,348.0,52.91,904,0.000271,99.9456
2026-08-21T02:00:00,5.0,293.2,47.32,478,0.000108,99.9699
2026-08-21T02:15:00,9.28,343.8,52.68,603,0.000178,99.9772
2026-08-21T02:30:00,15.69,334.6,56.36,718,0.00022,99.9414
2026-08-21T02:45:00,12.29,382.6,51.18,1119,0.000357,99.9674
2026-08-21T03:00:00,7.73,331.4,63.94,409,0.000141,99.9291
2026-08-21T03:15:00,6.22,321.8,34.34,516,9.3e-05,99.9253
2026-08-21T03:30:00,14.58,327.9,35.88,743,0.000142,99.9559
2026-08-21T03:45:00,11.07,372.6,47.15,887,0.000254,99.9673
2026-08-21T04:00:00,9.98,354.6,49.68,691,0.000198,99.9626
2026-08-21T04:15:00,5.9,349.7,39.53,287,6.5e-05,99.9563
2026-08-21T04:30:00,10.77,299.5,43.63,376,8e-05,99.9295
2026-08-21T04:45:00,18.75,343.9,49.31,886,0.000245,99.9462
2026-08-21T05:00:00,15.12,343.6,60.26,1025,0.000345,99.9756
2026-08-21T05:15:00,8.09,316.2,46.09,666,0.000158,99.9639
2026-08-21T05:30:00,20.88,378.5,53.94,1140,0.000379,99.9402
2026-08-21T05:45:00,12.15,355.8,56.58,1009,0.000331,99.9428
2026-08-21T06:00:00,53.94,542.3,135.35,2250,0.002688,99.9648
2026-08-21T06:15:00,49.67,603.5,108.4,2925,0.003114,99.9643
2026-08-21T06:30:00,33.67,431.9,103.92,2009,0.001467,99.9485
2026-08-21T06:45:00,51.51,546.5,133.51,3043,0.003614,99.9391
2026-08-21T07:00:00,59.68,568.6,143.98,2987,0.00398,99.9367
2026-08-21T07:15:00,51.4,574.7,118.54,2591,0.002873,99.9647
2026-08-21T07:30:00,43.49,509.5,108.1,2144,0.001922,99.9605
2026-08-21T07:45:00,54.77,611.5,148.83,2825,0.004185,99.9789
2026-08-21T08:00:00,53.55,555.8,124.03,2916,0.003272,99.9712
2026-08-21T08:15:00,30.99,482.3,80.95,1592,0.001012,99.9333
2026-08-21T08:30:00,52.2,557.4,142.49,2717,0.003512,99.9408
2026-08-21T08:45:00,32.46,488.2,89.8,1762,0.001257,99.9736
2026-08-21T09:00:00,29.16,456.0,89.4,1614,0.001071,99.9542
2026-08-21T09:15:00,36.36,491.4,107.93,2049,0.001769,99.9579
2026-08-21T09:30:00,42.81,498.5,112.99,2228,0.002042,99.9487
2026-08-21T09:45:00,55.59,576.3,96.0,3278,0.002952,99.9386
2026-08-21T10:00:00,83.17,750.2,160.56,4822,0.009454,99.931
2026-08-21T10:15:00,69.12,644.0,127.46,3221,0.004304,99.8993
2026-08-21T10:30:00,70.35,671.5,151.11,4001,0.006608,99.9053
2026-08-21T10:45:00,81.43,744.8,175.51,4717,0.010036,99.8101
2026-08-21T11:00:00,68.3,697.5,153.09,4251,0.007388,99.8888
2026-08-21T11:15:00,76.1,745.3,222.38,4180,0.011276,99.8385
2026-08-21T11:30:00,55.12,580.1,177.94,3068,0.005154,99.9266
2026-08-21T11:45:00,70.78,692.1,127.56,4070,0.005848,99.9703
2026-08-21T12:00:00,63.26,649.5,137.48,3601,0.005234,99.9344
2026-08-21T12:15:00,60.91,648.2,169.56,3433,0.006142,99.8823
2026-08-21T12:30:00,67.28,671.9,176.54,3997,0.007717,99.9389
2026-08-21T12:45:00,54.57,595.0,105.62,3155,0.003227,99.9293
2026-08-21T13:00:00,80.12,734.8,199.82,4709,0.011253,99.937
2026-08-21T13:15:00,78.95,730.6,164.8,4150,0.008133,99.8635
2026-08-21T13:30:00,66.64,658.0,134.76,4106,0.005926,99.8949
2026-08-21T13:45:00,79.53,758.6,228.25,4856,0.013686,99.8542
2026-08-21T14:00:00,78.07,732.2,178.92,4496,0.009586,99.9261
2026-08-21T14:15:00,73.44,709.2,191.71,4417,0.009774,99.8336
2026-08-21T14:30:00,79.66,761.9,175.78,4560,0.00994,99.8208
2026-08-21T14:45:00,81.48,758.6,186.15,4761,0.010942,99.9309
2026-08-21T15:00:00,54.76,604.7,136.85,3316,0.004467,99.9356
2026-08-21T15:15:00,68.09,678.6,138.93,3664,0.005623,99.8832
2026-08-21T15:30:00,83.0,753.8,220.26,4634,0.012522,99.8221
2026-08-21T15:45:00,53.57,602.3,148.17,3132,0.00455,99.8946
2026-08-21T16:00:00,67.78,649.3,151.45,4048,0.006479,99.8632
2026-08-21T16:15:00,58.98,626.0,188.65,3494,0.006716,99.9237
2026-08-21T16:30:00,78.76,715.3,178.52,4363,0.009068,99.8832
2026-08-21T16:45:00,64.36,623.1,138.12,3403,0.004767,99.9637
2026-08-21T17:00:00,61.7,596.1,173.87,3270,0.005516,99.9124
2026-08-21T17:15:00,81.62,766.9,207.5,4469,0.011576,99.7901
2026-08-21T17:30:00,62.02,643.9,153.89,3283,0.005295,99.8415
2026-08-21T17:45:00,79.74,750.5,206.68,4482,0.011316,99.976
2026-08-21T18:00:00,47.61,516.7,135.81,2893,0.003304,99.9759
2026-08-21T18:15:00,46.14,544.1,107.31,2731,0.002595,99.9535
2026-08-21T18:30:00,50.45,569.1,102.41,2936,0.002785,99.9815
2026-08-21T18:45:00,49.48,547.8,91.13,2803,0.002278,99.9317
2026-08-21T19:00:00,49.4,557.3,122.43,2705,0.003004,99.9674
2026-08-21T19:15:00,47.33,504.0,110.87,2147,0.001953,99.9609
2026-08-21T19:30:00,46.16,511.9,137.39,2564,0.002935,99.9717
2026-08-21T19:45:00,51.16,572.4,154.42,3160,0.004546,99.9264
2026-08-21T20:00:00,44.26,540.5,128.68,2491,0.00282,99.939
2026-08-21T20:15:00,58.37,584.2,121.69,2940,0.003402,99.983
2026-08-21T20:30:00,35.38,489.1,111.87,2385,0.002124,99.948
2026-08-21T20:45:00,46.68,544.0,146.56,2849,0.003697,99.9142
2026-08-21T21:00:00,36.19,418.1,86.1,1804,0.001057,99.9658
2026-08-21T21:15:00,27.75,467.7,94.99,1883,0.001362,99.9586
2026-08-21T21:30:00,48.22,525.9,117.5,2400,0.002414,99.9577
2026-08-21T21:45:00,26.03,429.3,92.72,1767,0.001145,99.9439
2026-08-21T22:00:00,16.17,328.0,64.03,1242,0.000425,99.9547
2026-08-21T22:15:00,19.87,377.1,59.79,1007,0.00037,99.9802
2026-08-21T22:30:00,24.49,396.4,71.47,1235,0.000569,99.9552
2026-08-21T22:45:00,9.95,345.0,40.87,750,0.000172,99.8914
2026-08-21T23:00:00,15.13,316.5,47.74,901,0.000222,99.9636
2026-08-21T23:15:00,15.25,306.4,42.0,368,7.7e-05,99.9452
2026-08-21T23:30:00,9.71,349.7,49.56,663,0.000187,99.9707
2026-08-21T23:45:00,10.02,325.5,39.02,509,0.000105,99.9684
2026-08-22T00:00:00,5.0,284.6,25.99,399,4.8e-05,99.951
2026-08-22T00:15:00,6.88,271.0,35.68,74,1.2e-05,99.9777
2026-08-22T00:30:00,14.67,315.8,36.78,448,8.5e-05,99.9554
2026-08-22T00:45:00,13.07,284.9,32.27,722,0.000108,99.953
2026-08-22T01:00:00,9.69,294.8,39.59,465,8.8e-05,99.9598
2026-08-22T01:15:00,6.14,307.5,36.01,298,5.4e-05,99.9496
2026-08-22T01:30:00,8.89,290.4,41.47,358,7e-05,99.9718
2026-08-22T01:45:00,5.0,281.6,31.22,297,4.3e-05,99.9615
2026-08-22T02:00:00,5.0,263.0,28.93,343,4.2e-05,99.9343
2026-08-22T02:15:00,5.0,291.1,37.01,290,5.1e-05,99.9312
2026-08-22T02:30:00,8.87,321.6,37.56,396,7.8e-05,99.976
2026-08-22T02:45:00,5.0,270.4,32.82,270,3.9e-05,99.9163
2026-08-22T03:00:00,6.81,319.5,37.01,396,7.6e-05,99.9432
2026-08-22T03:15:00,6.84,323.9,41.32,447,9.7e-05,99.9643
2026-08-22T03:30:00,5.0,267.4,19.89,253,2.2e-05,99.9545
2026-08-22T03:45:00,5.0,275.8,31.35,436,6.1e-05,99.948
2026-08-22T04:00:00,10.69,310.0,40.51,525,0.000107,99.9473
2026-08-22T04:15:00,7.81,322.5,37.2,525,0.000103,99.9314
2026-08-22T04:30:00,6.39,338.4,35.57,567,0.000111,99.9559
2026-08-22T04:45:00,5.0,244.2,25.87,228,2.3e-05,99.9256
2026-08-22T05:00:00,5.0,283.7,36.41,505,8.5e-05,99.9354
2026-08-22T05:15:00,6.26,301.4,23.53,564,6.5e-05,99.9378
2026-08-22T05:30:00,7.42,281.8,30.79,515,7.3e-05,99.9295
2026-08-22T05:45:00,6.76,299.1,33.88,493,8.1e-05,99.984
2026-08-22T06:00:00,38.55,477.0,95.5,1920,0.001424,99.9128
2026-08-22T06:15:00,16.38,355.4,68.38,1208,0.000478,99.9663
2026-08-22T06:30:00,32.17,433.3,108.22,1857,0.001417,99.9543
2026-08-22T06:45:00,33.7,452.7,87.31,1761,0.001133,99.9544
2026-08-22T07:00:00,24.75,436.2,76.55,1611,0.000876,99.9122
2026-08-22T07:15:00,27.91,407.4,80.68,1454,0.000778,99.903
2026-08-22T07:30:00,31.05,429.2,71.28,1666,0.00083,99.989
2026-08-22T07:45:00,33.59,421.0,94.37,1401,0.000906,99.9683
2026-08-22T08:00:00,31.18,422.1,71.95,1731,0.000856,99.9175
2026-08-22T08:15:00,21.35,375.6,62.42,1053,0.000402,99.9463
2026-08-22T08:30:00,23.33,365.9,61.73,1187,0.000436,99.9564
2026-08-22T08:45:00,30.04,456.3,97.75,1654,0.001201,99.9799
2026-08-22T09:00:00,21.05,414.6,50.62,1312,0.000448,99.9373
2026-08-22T09:15:00,26.46,428.3,66.48,1202,0.000557,99.9338
2026-08-22T09:30:00,28.98,406.3,83.57,1527,0.000844,99.9415
2026-08-22T09:45:00,34.79,440.1,72.25,1717,0.000889,99.9897
2026-08-22T10:00:00,45.42,550.2,131.08,3001,0.003522,99.9423
2026-08-22T10:15:00,33.62,465.3,91.56,2053,0.001424,99.9286
2026-08-22T10:30:00,53.91,569.0,87.71,2715,0.002206,99.9452
2026-08-22T10:45:00,33.42,461.0,111.44,1807,0.001511,99.9289
2026-08-22T11:00:00,43.54,463.2,89.53,2060,0.00139,99.9288
2026-08-22T11:15:00,41.22,538.6,83.63,2778,0.002037,99.963
2026-08-22T11:30:00,30.74,457.7,88.34,1982,0.001304,99.9347
2026-08-22T11:45:00,45.6,506.6,105.97,2881,0.002517,99.9112
2026-08-22T12:00:00,52.9,520.7,129.32,3027,0.003318,99.9535
2026-08-22T12:15:00,39.03,542.6,119.39,2630,0.002773,99.9537
2026-08-22T12:30:00,31.91,477.9,112.1,1892,0.00165,99.9564
2026-08-22T12:45:00,45.65,519.8,134.05,2336,0.002649,99.9762
2026-08-22T13:00:00,53.25,538.9,111.33,2626,0.002564,99.9867
2026-08-22T13:15:00,78.85,701.4,207.79,4728,0.011216,99.8601
2026-08-22T13:30:00,43.25,469.4,84.05,2451,0.001574,99.9392
2026-08-22T13:45:00,44.33,502.0,108.14,2419,0.002137,99.9734
2026-08-22T14:00:00,42.9,541.2,153.94,2966,0.004022,99.9752
2026-08-22T14:15:00,42.96,518.9,155.83,2895,0.00381,99.9764
2026-08-22T14:30:00,50.18,560.7,124.64,2366,0.002691,99.9441
2026-08-22T14:45:00,56.89,564.7,148.86,2956,0.004044,99.9502
2026-08-22T15:00:00,45.64,500.0,117.82,2389,0.002291,99.9696
2026-08-22T15:15:00,36.25,487.0,116.76,2200,0.002036,99.9167
2026-08-22T15:30:00,32.64,463.2,87.83,1848,0.001224,99.9447
2026-08-22T15:45:00,45.18,524.5,124.14,2547,0.0027,99.9404
2026-08-22T16:00:00,41.66,524.2,110.73,2354,0.002224,99.9493
2026-08-22T16:15:00,42.71,506.6,118.46,2334,0.00228,99.9287
2026-08-22T16:30:00,39.53,448.1,84.66,1934,0.001194,99.9417
2026-08-22T16:45:00,48.12,570.3,86.04,3127,0.002497,99.9237
2026-08-22T17:00:00,49.58,530.6,150.48,2492,0.003239,99.9429
2026-08-22T17:15:00,47.69,551.7,129.23,3083,0.003578,99.9843
2026-08-22T17:30:00,42.15,536.7,89.52,2330,0.001822,99.97
2026-08-22T17:45:00,34.83,502.9,85.82,2157,0.001515,99.9557
2026-08-22T18:00:00,17.07,416.1,79.23,1319,0.000708,99.9254
2026-08-22T18:15:00,33.8,461.5,103.04,1997,0.001546,99.9342
2026-08-22T18:30:00,22.18,379.8,64.95,1251,0.000502,99.961
2026-08-22T18:45:00,15.99,352.6,62.24,1200,0.000429,99.9572
2026-08-22T19:00:00,24.32,441.1,103.27,1454,0.001078,99.9487
2026-08-22T19:15:00,21.01,444.6,84.06,1253,0.000762,99.9185
2026-08-22T19:30:00,32.4,437.7,92.26,1950,0.001282,99.9621
2026-08-22T19:45:00,25.8,381.5,76.5,1393,0.000662,99.9409
2026-08-22T20:00:00,27.88,385.1,86.5,1172,0.000635,99.9634
2026-08-22T20:15:00,28.15,397.3,84.99,1314,0.000722,99.9489
2026-08-22T20:30:00,29.06,415.2,66.28,1248,0.000559,99.9203
2026-08-22T20:45:00,25.8,402.4,81.63,1371,0.000733,99.9389
2026-08-22T21:00:00,34.96,436.9,104.18,1837,0.001361,99.9619
2026-08-22T21:15:00,27.97,423.8,67.66,1277,0.000596,99.9471
2026-08-22T21:30:00,28.6,382.7,63.79,1345,0.000534,99.976
2026-08-22T21:45:00,34.75,433.8,83.1,1684,0.000988,99.9632
2026-08-22T22:00:00,5.36,304.7,42.83,788,0.000167,99.9372
2026-08-22T22:15:00,18.31,383.2,61.55,1132,0.000435,99.9546
2026-08-22T22:30:00,8.65,302.6,52.65,604,0.000157,99.9414
2026-08-22T22:45:00,5.0,318.1,33.7,439,7.7e-05,99.9261
2026-08-22T23:00:00,10.6,346.8,37.33,603,0.000127,99.9663
2026-08-22T23:15:00,5.0,321.6,49.2,808,0.000208,99.9376
2026-08-22T23:30:00,9.78,281.7,47.26,546,0.000118,99.9446
2026-08-22T23:45:00,21.81,308.5,36.61,658,0.000121,99.9508
2026-08-23T00:00:00,5.0,257.9,24.08,301,3e-05,99.9715
2026-08-23T00:15:00,11.24,252.8,30.88,328,4.2e-05,99.9261
2026-08-23T00:30:00,14.55,328.9,48.05,1156,0.000297,99.9719
2026-08-23T00:45:00,5.23,286.5,45.54,437,9.3e-05,99.9692
2026-08-23T01:00:00,7.07,310.4,28.92,382,5.6e-05,99.9595
2026-08-23T01:15:00,5.0,260.4,29.4,401,5e-05,99.9789
2026-08-23T01:30:00,7.44,348.7,31.78,183,3.3e-05,99.9702
2026-08-23T01:45:00,5.0,333.0,36.18,662,0.00013,99.9349
2026-08-23T02:00:00,5.0,306.4,29.32,139,2e-05,99.9523
2026-08-23T02:15:00,5.0,333.0,38.46,637,0.000133,99.9476
2026-08-23T02:30:00,8.54,297.7,33.48,409,6.6e-05,99.9818
2026-08-23T02:45:00,14.49,310.0,34.95,763,0.000135,99.9546
2026-08-23T03:00:00,11.38,287.3,38.24,381,6.8e-05,99.9199
2026-08-23T03:15:00,9.32,319.0,46.44,664,0.00016,99.9705
2026-08-23T03:30:00,8.22,290.6,27.92,385,5.1e-05,99.9732
2026-08-23T03:45:00,9.35,303.2,38.34,502,9.5e-05,99.9383
2026-08-23T04:00:00,5.0,290.6,29.36,339,4.7e-05,99.9475
2026-08-23T04:15:00,5.54,274.0,41.5,417,7.7e-05,99.9477
2026-08-23T04:30:00,15.54,305.4,31.38,617,9.6e-05,99.9406
2026-08-23T04:45:00,5.0,277.8,26.12,90,1.1e-05,99.9676
2026-08-23T05:00:00,11.12,318.3,33.53,418,7.3e-05,99.9488
2026-08-23T05:15:00,5.0,319.8,40.13,59,1.2e-05,99.9434
2026-08-23T05:30:00,7.55,301.0,34.12,39,7e-06,99.9438
2026-08-23T05:45:00,5.64,250.9,30.33,130,1.6e-05,99.9567
2026-08-23T06:00:00,18.79,391.9,58.81,1476,0.000554,99.9379
2026-08-23T06:15:00,18.68,429.6,64.73,1204,0.000545,99.9788
2026-08-23T06:30:00,34.18,456.5,103.5,1328,0.001021,99.9581
2026-08-23T06:45:00,19.03,418.7,51.43,1555,0.000545,99.9596
2026-08-23T07:00:00,21.8,386.2,75.24,1309,0.000619,99.9797
2026-08-23T07:15:00,24.73,444.9,81.06,1859,0.001091,99.9506
2026-08-23T07:30:00,14.95,347.7,60.57,1100,0.000377,99.9372
2026-08-23T07:45:00,33.25,356.0,55.89,1285,0.000416,99.9514
2026-08-23T08:00:00,31.62,463.4,76.37,1619,0.000933,99.9773
2026-08-23T08:15:00,39.62,472.9,105.16,2409,0.00195,99.9667
2026-08-23T08:30:00,13.91,376.9,70.23,1354,0.000583,99.9632
2026-08-23T08:45:00,14.79,384.5,69.05,1182,0.000511,99.948
2026-08-23T09:00:00,22.15,393.4,74.1,1331,0.000632,99.9491
2026-08-23T09:15:00,31.18,441.5,82.16,1449,0.000855,99.9543
2026-08-23T09:30:00,21.16,329.8,52.69,1099,0.000311,99.9496
2026-08-23T09:45:00,23.65,392.5,94.24,1674,0.001008,99.9437
2026-08-23T10:00:00,45.14,492.8,78.59,2588,0.001631,99.9195
2026-08-23T10:15:00,38.01,506.8,120.45,2389,0.002374,99.9655
2026-08-23T10:30:00,36.53,495.8,88.29,1596,0.001137,99.9208
2026-08-23T10:45:00,41.59,552.9,136.73,2664,0.003278,99.938
2026-08-23T11:00:00,51.46,488.0,110.15,2224,0.001946,99.9354
2026-08-23T11:15:00,40.15,510.6,110.46,2626,0.002411,99.9752
2026-08-23T11:30:00,38.19,511.3,123.22,2763,0.002834,99.9426
2026-08-23T11:45:00,45.77,504.9,75.06,2418,0.001492,99.9857
2026-08-23T12:00:00,35.52,480.1,100.48,2437,0.001914,99.9543
2026-08-23T12:15:00,40.66,498.4,128.4,2706,0.002818,99.9335
2026-08-23T12:30:00,37.71,478.6,97.95,2382,0.001818,99.926
2026-08-23T12:45:00,43.0,466.8,111.12,2281,0.001926,99.9733
2026-08-23T13:00:00,43.22,527.1,121.96,2202,0.002304,99.9789
2026-08-23T13:15:00,44.36,514.8,90.13,2416,0.001825,99.9867
2026-08-23T13:30:00,30.45,454.8,113.85,2019,0.001701,99.9241
2026-08-23T13:45:00,39.19,491.3,79.22,2098,0.001329,99.9673
2026-08-23T14:00:00,35.33,479.9,109.92,1845,0.001584,99.9842
2026-08-23T14:15:00,36.65,462.9,129.27,1907,0.001857,99.9209
2026-08-23T14:30:00,49.56,552.3,128.12,2657,0.00306,99.958
2026-08-23T14:45:00,55.44,563.5,125.68,2547,0.002936,99.9338
2026-08-23T15:00:00,45.67,537.7,111.23,2769,0.002696,99.9315
2026-08-23T15:15:00,31.23,477.1,98.86,1920,0.001474,99.9614
2026-08-23T15:30:00,45.64,507.2,100.99,2121,0.001768,99.9567
2026-08-23T15:45:00,38.71,466.0,76.98,1917,0.001119,99.9555
2026-08-23T16:00:00,39.72,506.2,122.31,2576,0.002596,99.9414
2026-08-23T16:15:00,37.58,471.3,81.45,2016,0.001259,99.921
2026-08-23T16:30:00,52.09,549.7,103.44,2635,0.002439,99.9753
2026-08-23T16:45:00,42.05,473.4,101.22,2011,0.001569,99.9613
2026-08-23T17:00:00,53.04,563.5,119.2,2757,0.003014,99.9424
2026-08-23T17:15:00,52.24,540.6,128.22,2781,0.003138,99.9516
2026-08-23T17:30:00,50.2,571.5,141.01,2692,0.003531,99.9442
2026-08-23T17:45:00,46.78,563.7,120.84,2836,0.003144,99.9209
2026-08-23T18:00:00,27.49,414.4,97.32,1870,0.001227,99.9463
2026-08-23T18:15:00,19.35,384.3,65.93,966,0.000398,99.9587
2026-08-23T18:30:00,19.67,436.2,68.95,1324,0.000648,99.9891
2026-08-23T18:45:00,26.75,481.3,81.24,1555,0.00099,99.9589
2026-08-23T19:00:00,18.92,378.7,60.31,1116,0.000415,99.94
2026-08-23T19:15:00,14.33,417.5,72.86,1465,0.000725,99.9616
2026-08-23T19:30:00,26.09,436.4,93.44,1357,0.000901,99.9385
2026-08-23T19:45:00,15.99,380.6,72.19,1346,0.000602,99.9695
2026-08-23T20:00:00,22.88,448.2,79.21,1681,0.000971,99.9634
2026-08-23T20:15:00,16.7,338.3,31.45,954,0.000165,99.9652
2026-08-23T20:30:00,18.61,380.6,67.14,1059,0.00044,99.9411
2026-08-23T20:45:00,27.12,421.7,62.72,1521,0.000655,99.9511
2026-08-23T21:00:00,30.06,444.5,69.45,1946,0.000978,99.96
2026-08-23T21:15:00,27.02,374.7,72.37,1375,0.000607,99.9309
2026-08-23T21:30:00,18.08,324.1,59.63,975,0.000307,99.952
2026-08-23T21:45:00,25.89,391.2,74.33,1440,0.000682,99.953
2026-08-23T22:00:00,10.82,337.1,45.45,1045,0.000261,99.9642
2026-08-23T22:15:00,10.91,298.5,36.6,163,2.9e-05,99.9467
2026-08-23T22:30:00,9.42,317.8,40.46,544,0.000114,99.9594
2026-08-23T22:45:00,19.66,309.9,57.6,931,0.00027,99.9396
2026-08-23T23:00:00,5.0,325.4,42.64,529,0.000119,99.9128
2026-08-23T23:15:00,11.07,384.4,49.76,561,0.000175,99.9621
2026-08-23T23:30:00,5.0,287.9,38.02,420,7.5e-05,99.9248
2026-08-23T23:45:00,5.0,323.3,34.39,198,3.6e-05,99.9372
2026-08-24T00:00:00,14.78,321.1,61.65,752,0.000242,99.9498
2026-08-24T00:15:00,7.74,332.8,39.5,618,0.000132,99.9572
2026-08-24T00:30:00,8.43,356.1,48.95,290,8.2e-05,99.9284
2026-08-24T00:45:00,20.22,349.7,51.26,760,0.000222,99.9337
2026-08-24T01:00:00,11.5,338.3,44.61,903,0.000222,99.9613
2026-08-24T01:15:00,9.54,288.0,37.29,456,8e-05,99.9623
2026-08-24T01:30:00,7.5,254.3,34.03,295,4.2e-05,99.9118
2026-08-24T01:45:00,12.56,389.5,57.1,1033,0.000374,99.9436
2026-08-24T02:00:00,9.25,310.8,33.45,587,9.9e-05,99.9606
2026-08-24T02:15:00,5.0,305.8,34.63,345,5.9e-05,99.9459
2026-08-24T02:30:00,22.14,369.3,67.49,678,0.000275,99.9545
2026-08-24T02:45:00,10.18,309.9,43.31,928,0.000203,99.927
2026-08-24T03:00:00,18.3,351.4,50.83,506,0.000147,99.9227
2026-08-24T03:15:00,15.24,319.0,54.26,1171,0.00033,99.9073
2026-08-24T03:30:00,15.36,363.2,54.5,744,0.00024,99.9637
2026-08-24T03:45:00,8.23,301.6,39.86,448,8.8e-05,99.9491
2026-08-24T04:00:00,5.57,268.1,34.08,297,4.4e-05,99.9413
2026-08-24T04:15:00,15.29,340.2,53.99,792,0.000237,99.945
2026-08-24T04:30:00,17.12,366.6,42.23,528,0.000133,99.957
2026-08-24T04:45:00,5.0,333.0,48.35,265,6.9e-05,99.98
2026-08-24T05:00:00,12.14,327.6,53.47,760,0.000217,99.9465
2026-08-24T05:15:00,11.32,325.7,53.61,1118,0.000318,99.9617
2026-08-24T05:30:00,10.64,372.3,43.12,523,0.000137,99.9403
2026-08-24T05:45:00,8.99,255.3,27.27,200,2.3e-05,99.926
2026-08-24T06:00:00,41.23,432.9,89.44,1824,0.001149,99.9348
2026-08-24T06:15:00,33.59,469.9,94.3,1913,0.00138,99.955
2026-08-24T06:30:00,70.63,677.4,188.95,3871,0.008064,99.9213
2026-08-24T06:45:00,39.95,492.4,111.95,2487,0.002231,99.9363
2026-08-24T07:00:00,37.86,517.0,118.53,2394,0.002388,99.9488
2026-08-24T07:15:00,59.57,562.7,145.55,2919,0.003891,99.9627
2026-08-24T07:30:00,33.03,481.6,67.77,1640,0.000871,99.947
2026-08-24T07:45:00,45.3,579.9,62.06,2933,0.001718,99.9273
2026-08-24T08:00:00,30.9,410.1,68.38,2189,0.000999,99.9648
2026-08-24T08:15:00,44.77,502.0,140.77,2570,0.002956,99.9517
2026-08-24T08:30:00,52.15,585.0,138.3,3033,0.003994,99.9479
2026-08-24T08:45:00,35.6,490.4,96.64,1914,0.001476,99.9542
2026-08-24T09:00:00,54.66,533.8,125.16,2690,0.002925,99.9486
2026-08-24T09:15:00,53.92,502.9,110.23,2725,0.002459,99.9102
2026-08-24T09:30:00,42.86,510.8,105.38,2524,0.002211,99.9852
2026-08-24T09:45:00,50.95,588.7,115.2,3067,0.003385,99.9418
2026-08-24T10:00:00,74.61,685.0,202.0,4132,0.009306,99.8143
2026-08-24T10:15:00,69.97,663.9,154.44,3697,0.00617,99.9474
2026-08-24T10:30:00,70.04,686.1,174.59,4181,0.008151,99.8281
2026-08-24T10:45:00,76.51,707.4,157.17,4345,0.007862,99.851
2026-08-24T11:00:00,50.41,591.8,145.99,3128,0.004399,99.9077
2026-08-24T11:15:00,62.33,610.1,165.87,3493,0.005753,99.9555
2026-08-24T11:30:00,72.24,705.5,140.57,4080,0.006586,99.9179
2026-08-24T11:45:00,70.15,663.3,122.03,3599,0.004741,99.9177
2026-08-24T12:00:00,56.69,601.2,144.72,3078,0.004358,99.9067
2026-08-24T12:15:00,70.43,618.2,140.46,3643,0.005149,99.9553
2026-08-24T12:30:00,80.58,730.7,202.93,4319,0.010424,99.855
2026-08-24T12:45:00,75.75,714.8,212.54,4697,0.011614,99.9066
2026-08-24T13:00:00,79.16,708.0,168.29,4062,0.007877,99.9296
2026-08-24T13:15:00,86.88,724.3,224.39,4679,0.012376,99.8685
2026-08-24T13:30:00,76.53,731.6,204.47,4614,0.011234,99.8977
2026-08-24T13:45:00,77.92,655.4,162.35,3925,0.006797,99.9165
2026-08-24T14:00:00,81.0,766.0,177.47,4349,0.009622,99.9395
2026-08-24T14:15:00,71.22,662.6,190.33,4389,0.009008,99.8862
2026-08-24T14:30:00,84.63,778.9,204.16,4735,0.012255,99.8462
2026-08-24T14:45:00,70.34,684.9,141.21,4027,0.006339,99.9388
2026-08-24T15:00:00,71.58,665.5,195.22,3733,0.007894,99.9294
2026-08-24T15:15:00,69.25,613.1,142.68,3332,0.004744,99.931
2026-08-24T15:30:00,83.38,732.4,163.08,4439,0.008629,99.8844
2026-08-24T15:45:00,56.61,622.0,138.88,3446,0.004845,99.9104
2026-08-24T16:00:00,63.66,647.4,202.32,3839,0.008184,99.9223
2026-08-24T16:15:00,66.75,668.7,146.27,3798,0.006046,99.9405
2026-08-24T16:30:00,73.24,657.7,156.67,4004,0.006715,99.9151
2026-08-24T16:45:00,75.74,721.8,148.29,4134,0.007202,99.9536
2026-08-24T17:00:00,70.4,653.4,162.27,3568,0.006157,99.9029
2026-08-24T17:15:00,73.78,724.4,131.72,4464,0.006933,99.8234
2026-08-24T17:30:00,72.38,727.1,161.39,4546,0.008682,99.9388
2026-08-24T17:45:00,61.2,649.5,211.84,3812,0.008537,99.9243
2026-08-24T18:00:00,47.11,557.9,151.4,2951,0.004057,99.9563
2026-08-24T18:15:00,91.12,769.3,146.17,4746,0.008686,99.8476
2026-08-24T18:30:00,27.62,457.4,106.58,1717,0.001362,99.9586
2026-08-24T18:45:00,35.72,489.0,105.14,2466,0.002064,99.93
2026-08-24T19:00:00,29.23,468.7,96.22,1894,0.00139,99.9467
2026-08-24T19:15:00,37.58,464.8,91.76,1851,0.001285,99.9232
2026-08-24T19:30:00,48.76,565.8,152.21,2596,0.003639,99.9341
2026-08-24T19:45:00,29.59,451.7,89.12,2345,0.001537,99.9412
2026-08-24T20:00:00,40.83,559.7,140.2,2562,0.003272,99.974
2026-08-24T20:15:00,42.37,474.2,93.01,2458,0.001765,99.9588
2026-08-24T20:30:00,85.56,765.7,189.38,4661,0.011,99.9179
2026-08-24T20:45:00,48.49,501.1,91.78,2466,0.001846,99.9283
2026-08-24T21:00:00,72.51,717.8,182.17,4037,0.008592,99.8148
2026-08-24T21:15:00,58.48,572.5,126.62,2970,0.003504,99.9496
2026-08-24T21:30:00,42.11,469.9,102.27,2298,0.001798,99.9354
2026-08-24T21:45:00,52.24,527.0,110.35,2609,0.002469,99.9827
2026-08-24T22:00:00,6.69,316.1,31.32,697,0.000112,99.9963
2026-08-24T22:15:00,15.07,371.0,59.98,984,0.000356,99.9301
2026-08-24T22:30:00,23.48,410.9,88.77,1431,0.00085,99.9646
2026-08-24T22:45:00,8.28,350.1,24.73,582,8.2e-05,99.9661
2026-08-24T23:00:00,26.69,406.2,78.97,1161,0.000606,99.9532
2026-08-24T23:15:00,36.25,502.6,89.35,2179,0.001592,99.945
2026-08-24T23:30:00,5.81,310.1,47.83,787,0.00019,99.9553
2026-08-24T23:45:00,12.9,334.3,55.9,1133,0.000345,99.9666
2026-08-25T00:00:00,13.25,326.4,60.0,782,0.000249,99.9329
2026-08-25T00:15:00,16.65,349.9,50.76,782,0.000226,99.9442
2026-08-25T00:30:00,21.27,331.0,44.45,1145,0.000274,99.9322
2026-08-25T00:45:00,11.0,400.4,53.4,823,0.000286,99.9493
2026-08-25T01:00:00,14.8,362.1,62.63,993,0.000367,99.9411
2026-08-25T01:15:00,19.44,325.0,58.29,890,0.000274,99.9404
2026-08-25T01:30:00,8.42,295.6,32.11,201,3.1e-05,99.9346
2026-08-25T01:45:00,10.98,348.2,42.75,714,0.000173,99.9599
2026-08-25T02:00:00,12.55,342.6,60.79,631,0.000214,99.9634
2026-08-25T02:15:00,11.95,362.9,58.78,695,0.000241,99.9637
2026-08-25T02:30:00,7.53,350.5,50.67,796,0.00023,99.9743
2026-08-25T02:45:00,14.93,308.9,37.83,499,9.5e-05,99.9428
2026-08-25T03:00:00,12.64,300.0,46.08,476,0.000107,99.9526
2026-08-25T03:15:00,17.16,351.9,56.06,725,0.000233,99.9434
2026-08-25T03:30:00,15.17,337.3,31.08,713,0.000122,99.9552
2026-08-25T03:45:00,10.71,335.2,51.46,605,0.00017,99.9596
2026-08-25T04:00:00,17.23,334.8,51.4,918,0.000257,99.9347
2026-08-25T04:15:00,17.28,357.1,52.95,945,0.000291,99.9457
2026-08-25T04:30:00,20.71,369.7,56.05,897,0.000303,99.986
2026-08-25T04:45:00,17.74,353.2,37.14,959,0.000205,99.9585
2026-08-25T05:00:00,10.62,306.1,34.04,407,6.9e-05,99.9648
2026-08-25T05:15:00,12.36,355.7,52.33,786,0.000238,99.9249
2026-08-25T05:30:00,9.24,296.5,32.02,406,6.3e-05,99.9282
2026-08-25T05:45:00,12.4,358.5,56.81,1109,0.000368,99.9408
2026-08-25T06:00:00,47.16,489.7,96.64,2267,0.001746,99.9143
2026-08-25T06:15:00,51.6,586.0,109.08,2952,0.003071,99.9566
2026-08-25T06:30:00,25.82,431.8,86.89,1839,0.001123,99.9335
2026-08-25T06:45:00,55.17,581.4,113.82,2771,0.002985,99.9438
2026-08-25T07:00:00,38.77,492.4,86.52,2095,0.001453,99.9446
2026-08-25T07:15:00,40.38,443.3,91.88,2613,0.001732,99.9491
2026-08-25T07:30:00,43.47,562.9,127.32,3118,0.003637,99.9815
2026-08-25T07:45:00,42.43,523.0,122.39,2717,0.002831,99.9553
2026-08-25T08:00:00,40.9,510.0,92.81,2482,0.001912,99.9386
2026-08-25T08:15:00,42.92,511.5,131.11,2096,0.002288,99.9361
2026-08-25T08:30:00,41.9,500.9,93.39,1928,0.001468,99.9364
2026-08-25T08:45:00,47.75,579.8,135.55,3025,0.003869,99.9031
2026-08-25T09:00:00,35.71,451.9,79.32,2160,0.00126,99.9472
2026-08-25T09:15:00,46.46,574.6,125.24,2616,0.003064,99.9606
2026-08-25T09:30:00,50.07,552.9,127.45,2862,0.003282,99.9594
2026-08-25T09:45:00,41.98,509.5,86.75,2346,0.001688,99.945
2026-08-25T10:00:00,63.38,575.7,156.35,3419,0.005009,99.9368
2026-08-25T10:15:00,78.89,729.1,156.06,4583,0.008487,99.8856
2026-08-25T10:30:00,60.68,588.2,142.08,2940,0.003999,99.8831
2026-08-25T10:45:00,84.08,739.5,180.64,4790,0.010414,99.8399
2026-08-25T11:00:00,90.38,760.6,250.73,4751,0.014747,99.9385
2026-08-25T11:15:00,50.45,627.3,121.07,2964,0.003664,99.9254
2026-08-25T11:30:00,72.45,717.6,243.27,4196,0.011922,99.7871
2026-08-25T11:45:00,86.51,727.2,231.07,4624,0.012647,99.8843
2026-08-25T12:00:00,60.87,618.1,173.97,3322,0.005814,99.9087
2026-08-25T12:15:00,64.83,668.7,156.35,3611,0.006145,99.9169
2026-08-25T12:30:00,56.8,619.5,136.39,3419,0.004702,99.9425
2026-08-25T12:45:00,70.62,646.1,140.43,4002,0.00591,99.96
2026-08-25T13:00:00,71.2,667.2,159.6,4037,0.006997,99.922
2026-08-25T13:15:00,60.2,625.5,198.65,3505,0.007089,99.9318
2026-08-25T13:30:00,64.47,666.4,144.85,3347,0.005259,99.8966
2026-08-25T13:45:00,64.69,606.9,142.6,3361,0.004734,99.9033
2026-08-25T14:00:00,76.44,756.7,177.66,4792,0.010486,99.9343
2026-08-25T14:15:00,65.94,689.2,203.67,3734,0.008531,99.9316
2026-08-25T14:30:00,83.08,687.8,117.35,4523,0.005942,99.9071
2026-08-25T14:45:00,51.65,587.1,130.08,3290,0.004089,99.9077
2026-08-25T15:00:00,67.68,607.8,161.58,3468,0.005543,99.9235
2026-08-25T15:15:00,68.78,698.2,171.28,4058,0.007898,99.9456
2026-08-25T15:30:00,64.35,625.8,169.32,3842,0.006627,99.9311
2026-08-25T15:45:00,80.99,692.4,230.83,4379,0.011392,99.7898
2026-08-25T16:00:00,72.84,709.8,187.16,4158,0.00899,99.9008
2026-08-25T16:15:00,61.33,590.6,174.88,3195,0.005371,99.8938
2026-08-25T16:30:00,59.29,607.5,162.45,3271,0.005254,99.9027
2026-08-25T16:45:00,71.63,678.5,167.55,4301,0.007958,99.8543
2026-08-25T17:00:00,80.33,800.3,190.05,4676,0.011576,99.9235
2026-08-25T17:15:00,77.47,747.8,196.16,4247,0.010139,99.8398
2026-08-25T17:30:00,78.99,729.2,189.55,4649,0.010459,99.8744
2026-08-25T17:45:00,61.88,602.9,143.66,3013,0.004247,99.9555
2026-08-25T18:00:00,47.19,528.4,113.58,2530,0.002471,99.9633
2026-08-25T18:15:00,31.66,438.3,77.21,1914,0.001054,99.9733
2026-08-25T18:30:00,48.15,541.0,110.93,2635,0.002574,99.9835
2026-08-25T18:45:00,34.86,452.1,93.66,1865,0.001285,99.9632
2026-08-25T19:00:00,43.18,569.4,123.9,2941,0.003377,99.9319
2026-08-25T19:15:00,53.78,563.6,129.33,3009,0.003569,99.9519
2026-08-25T19:30:00,26.72,481.0,82.85,1685,0.001093,99.9309
2026-08-25T19:45:00,46.0,546.6,140.15,2481,0.003093,99.9481
2026-08-25T20:00:00,53.37,528.2,128.43,2760,0.003048,99.941
2026-08-25T20:15:00,45.77,525.3,121.84,2320,0.002417,99.9519
2026-08-25T20:30:00,33.9,519.8,121.09,1933,0.00198,99.9176
2026-08-25T20:45:00,54.11,557.9,87.95,3118,0.00249,99.9621
2026-08-25T21:00:00,38.71,511.2,105.24,2132,0.001867,99.938
2026-08-25T21:15:00,37.17,490.6,86.37,2341,0.001615,99.9632
2026-08-25T21:30:00,81.85,783.4,212.54,4866,0.013186,99.9372
2026-08-25T21:45:00,35.94,484.9,113.89,2288,0.002057,99.9786
2026-08-25T22:00:00,13.28,327.5,56.99,993,0.000302,99.9667
2026-08-25T22:15:00,20.14,346.4,73.78,1594,0.000663,99.9415
2026-08-25T22:30:00,22.86,394.8,57.9,1448,0.000539,99.9734
2026-08-25T22:45:00,22.85,382.6,70.71,1140,0.000502,99.9607
2026-08-25T23:00:00,35.14,388.5,76.8,1538,0.000747,99.973
2026-08-25T23:15:00,14.07,341.1,58.24,736,0.000238,99.9362
2026-08-25T23:30:00,12.68,295.3,35.92,636,0.00011,99.9463
2026-08-25T23:45:00,12.67,377.3,49.48,912,0.000277,99.9678
2026-08-26T00:00:00,15.68,294.5,40.03,822,0.000158,99.9732
2026-08-26T00:15:00,13.03,355.5,62.43,630,0.000228,99.9569
2026-08-26T00:30:00,5.34,298.5,41.71,510,0.000103,99.9542
2026-08-26T00:45:00,8.39,270.7,35.35,460,7.2e-05,99.9358
2026-08-26T01:00:00,19.01,344.1,60.3,977,0.00033,99.9518
2026-08-26T01:15:00,5.0,288.5,35.12,525,8.7e-05,99.9395
2026-08-26T01:30:00,5.0,363.4,56.93,963,0.000324,99.938
2026-08-26T01:45:00,5.0,317.0,34.36,803,0.000142,99.9493
2026-08-26T02:00:00,12.66,374.2,58.56,608,0.000217,99.9445
2026-08-26T02:15:00,11.5,329.6,39.83,510,0.000109,99.9837
2026-08-26T02:30:00,6.81,295.5,27.27,354,4.6e-05,99.9842
2026-08-26T02:45:00,21.31,351.1,54.22,703,0.000218,99.9686
2026-08-26T03:00:00,5.0,300.1,23.38,607,6.9e-05,99.9422
2026-08-26T03:15:00,18.14,319.4,36.17,672,0.000126,99.9259
2026-08-26T03:30:00,7.16,334.2,52.63,914,0.000262,99.9518
2026-08-26T03:45:00,10.17,348.5,34.79,648,0.000128,99.9714
2026-08-26T04:00:00,7.16,326.8,43.86,722,0.000168,99.9836
2026-08-26T04:15:00,18.15,333.8,35.66,814,0.000158,99.9164
2026-08-26T04:30:00,19.58,344.8,47.12,734,0.000194,99.9543
2026-08-26T04:45:00,6.44,297.8,35.44,301,5.2e-05,99.9664
2026-08-26T05:00:00,13.37,335.7,41.07,1089,0.000244,99.9464
2026-08-26T05:15:00,14.04,324.5,51.74,1307,0.000357,99.9829
2026-08-26T05:30:00,17.62,377.8,50.77,963,0.000301,99.952
2026-08-26T05:45:00,10.98,349.5,59.24,921,0.00031,99.9225
2026-08-26T06:00:00,42.17,484.1,119.09,2038,0.001912,99.9534
2026-08-26T06:15:00,36.91,464.0,77.31,1892,0.001105,99.9377
2026-08-26T06:30:00,46.87,515.6,85.9,2469,0.00178,99.9797
2026-08-26T06:45:00,45.04,558.4,144.82,2405,0.003165,99.9476
2026-08-26T07:00:00,52.14,523.9,118.4,2383,0.002406,99.9225
2026-08-26T07:15:00,28.44,475.1,111.6,1803,0.001556,99.9562
2026-08-26T07:30:00,46.94,527.6,153.57,2262,0.002983,99.9589
2026-08-26T07:45:00,57.14,542.9,126.69,2796,0.00313,99.9271
2026-08-26T08:00:00,50.39,549.5,149.73,2690,0.003602,99.9325
2026-08-26T08:15:00,49.45,564.2,171.25,2813,0.004424,99.98
2026-08-26T08:30:00,37.82,447.1,76.05,1711,0.000947,99.9321
2026-08-26T08:45:00,51.79,504.6,86.35,2133,0.001513,99.921
2026-08-26T09:00:00,51.6,585.9,105.52,2748,0.002765,99.962
2026-08-26T09:15:00,50.07,563.8,100.07,3125,0.00287,99.9926
2026-08-26T09:30:00,50.35,549.5,111.77,2670,0.002669,99.9459
2026-08-26T09:45:00,48.3,512.7,128.43,2270,0.002433,99.9862
2026-08-26T10:00:00,81.48,744.5,240.05,4734,0.01377,99.9018
2026-08-26T10:15:00,59.63,591.6,127.56,3296,0.004049,99.9118
2026-08-26T10:30:00,57.44,594.3,129.55,3403,0.004264,99.9371
2026-08-26T10:45:00,63.93,653.4,151.07,3431,0.005512,99.9148
2026-08-26T11:00:00,90.37,785.3,182.71,4743,0.011077,99.8838
2026-08-26T11:15:00,59.65,632.8,148.69,3426,0.005246,99.9634
2026-08-26T11:30:00,54.66,584.1,136.76,3080,0.004005,99.9589
2026-08-26T11:45:00,75.73,742.7,175.12,4170,0.008828,99.8833
2026-08-26T12:00:00,72.62,702.0,142.94,4081,0.006666,99.9185
2026-08-26T12:15:00,55.07,610.3,140.65,3565,0.00498,99.894
2026-08-26T12:30:00,67.58,679.5,203.06,3722,0.008358,99.8859
2026-08-26T12:45:00,68.15,720.5,188.88,4309,0.009544,99.904
2026-08-26T13:00:00,84.89,732.0,203.44,4792,0.011614,99.9486
2026-08-26T13:15:00,81.35,720.3,192.45,4727,0.010665,99.8805
2026-08-26T13:30:00,82.62,753.0,162.05,4760,0.009454,99.8799
2026-08-26T13:45:00,73.71,642.7,149.89,4127,0.006471,99.9263
2026-08-26T14:00:00,76.01,760.1,243.0,4553,0.013688,99.9295
2026-08-26T14:15:00,78.11,745.9,191.47,4485,0.010426,99.8535
2026-08-26T14:30:00,88.27,779.4,188.19,4671,0.011152,99.8479
2026-08-26T14:45:00,78.59,710.9,164.05,4234,0.008036,99.9354
2026-08-26T15:00:00,63.92,719.2,183.46,3649,0.007836,99.8856
2026-08-26T15:15:00,68.68,655.4,209.31,3940,0.008798,99.9461
2026-08-26T15:30:00,72.45,621.6,157.22,3546,0.005641,99.9753
2026-08-26T15:45:00,77.23,722.5,160.2,4150,0.007818,99.8292
2026-08-26T16:00:00,78.04,746.9,234.04,4352,0.012381,99.8808
2026-08-26T16:15:00,73.84,710.4,185.07,4150,0.00888,99.8776
2026-08-26T16:30:00,75.37,672.1,124.99,3868,0.005289,99.9338
2026-08-26T16:45:00,60.2,675.8,155.13,3467,0.005916,99.9109
2026-08-26T17:00:00,62.1,614.2,165.35,3206,0.005299,99.9164
2026-08-26T17:15:00,61.16,621.2,135.95,3821,0.005252,99.9585
2026-08-26T17:30:00,60.44,682.0,173.5,3752,0.007226,99.9266
2026-08-26T17:45:00,75.2,727.4,193.72,4341,0.009956,99.7991
2026-08-26T18:00:00,49.64,560.7,105.9,2820,0.002725,99.9775
2026-08-26T18:15:00,35.2,536.1,77.0,2201,0.001479,99.9195
2026-08-26T18:30:00,35.48,490.1,90.37,2187,0.001576,99.9622
2026-08-26T18:45:00,45.01,531.0,102.93,2574,0.00229,99.9844
2026-08-26T19:00:00,38.97,489.2,96.66,2062,0.001587,99.9583
2026-08-26T19:15:00,88.73,742.9,212.02,4569,0.011714,99.829
2026-08-26T19:30:00,40.36,491.6,116.46,1817,0.001693,99.9317
2026-08-26T19:45:00,47.51,566.6,163.83,3055,0.004616,99.9471
2026-08-26T20:00:00,47.86,539.1,131.77,2803,0.003241,99.9446
2026-08-26T20:15:00,50.11,495.0,103.16,2192,0.001822,99.9135
2026-08-26T20:30:00,56.09,555.5,130.36,3190,0.00376,99.964
2026-08-26T20:45:00,54.42,548.0,110.2,3051,0.002999,99.9976
2026-08-26T21:00:00,47.06,539.1,72.7,2847,0.001816,99.9588
2026-08-26T21:15:00,43.62,470.0,111.49,2220,0.001893,99.9627
2026-08-26T21:30:00,37.9,550.8,154.31,2665,0.003686,99.9643
2026-08-26T21:45:00,48.86,511.8,150.07,2671,0.003339,99.9556
2026-08-26T22:00:00,17.09,340.7,52.55,1031,0.0003,99.9545
2026-08-26T22:15:00,5.0,318.8,58.82,656,0.0002,99.944
2026-08-26T22:30:00,24.45,350.7,63.07,749,0.00027,99.9532
2026-08-26T22:45:00,15.86,372.2,66.81,834,0.000338,99.9898
2026-08-26T23:00:00,7.95,269.3,39.41,846,0.000146,99.9163
2026-08-26T23:15:00,11.84,298.4,34.2,527,8.8e-05,99.964
2026-08-26T23:30:00,5.0,294.5,43.61,559,0.000117,99.9341
2026-08-26T23:45:00,21.48,379.2,67.99,901,0.000378,99.9368
2026-08-27T00:00:00,18.39,371.0,55.95,679,0.000229,99.9425
2026-08-27T00:15:00,10.27,339.1,58.3,761,0.000245,99.9016
2026-08-27T00:30:00,5.0,329.2,45.71,633,0.000155,99.9558
2026-08-27T00:45:00,6.09,290.9,29.99,134,1.9e-05,99.8962
2026-08-27T01:00:00,11.24,317.7,59.49,432,0.000133,99.9851
2026-08-27T01:15:00,18.77,335.5,39.14,1045,0.000223,99.9389
2026-08-27T01:30:00,6.52,298.3,33.74,653,0.000107,99.946
2026-08-27T01:45:00,5.0,309.6,41.24,553,0.000115,99.9388
2026-08-27T02:00:00,7.78,304.6,37.65,353,6.6e-05,99.9594
2026-08-27T02:15:00,14.53,331.0,61.9,449,0.00015,99.9839
2026-08-27T02:30:00,20.82,351.6,60.91,1280,0.000446,99.944
2026-08-27T02:45:00,38.12,436.9,90.01,1800,0.001152,99.9414
2026-08-27T03:00:00,11.69,336.7,32.31,339,6e-05,99.9315
2026-08-27T03:15:00,11.88,339.8,55.12,470,0.000143,99.9506
2026-08-27T03:30:00,13.96,340.8,63.63,825,0.000291,99.9441
2026-08-27T03:45:00,9.27,260.7,35.46,448,6.7e-05,99.9659
2026-08-27T04:00:00,9.0,281.2,40.98,487,9.1e-05,99.9694
2026-08-27T04:15:00,15.9,335.2,48.91,959,0.000256,99.9697
2026-08-27T04:30:00,16.88,366.2,49.07,1157,0.000338,99.9439
2026-08-27T04:45:00,5.94,312.9,37.29,318,6e-05,99.9703
2026-08-27T05:00:00,14.6,335.4,43.81,855,0.000204,99.9486
2026-08-27T05:15:00,17.29,342.3,49.15,876,0.00024,99.9682
2026-08-27T05:30:00,13.24,364.5,56.4,598,0.0002,99.9704
2026-08-27T05:45:00,11.49,319.2,36.18,329,6.2e-05,99.9311
2026-08-27T06:00:00,41.99,459.6,69.87,2034,0.001063,99.9261
2026-08-27T06:15:00,53.7,621.4,138.38,3210,0.004493,99.9613
2026-08-27T06:30:00,42.69,536.6,134.61,2693,0.003166,99.9856
2026-08-27T06:45:00,34.32,482.7,84.35,1824,0.001209,99.9325
2026-08-27T07:00:00,52.61,513.0,117.81,2784,0.002738,99.9728
2026-08-27T07:15:00,44.67,544.6,128.75,2769,0.00316,99.9621
2026-08-27T07:30:00,43.26,533.3,125.82,2602,0.002842,99.9475
2026-08-27T07:45:00,38.37,443.9,93.12,2274,0.00153,99.9711
2026-08-27T08:00:00,46.42,562.7,139.43,2981,0.003806,99.9641
2026-08-27T08:15:00,47.49,519.6,94.26,2828,0.002254,99.9802
2026-08-27T08:30:00,31.59,440.8,83.9,1803,0.001085,99.9648
2026-08-27T08:45:00,27.32,439.1,84.85,2061,0.00125,99.9516
2026-08-27T09:00:00,50.22,568.9,124.53,2747,0.003168,99.938
2026-08-27T09:15:00,31.71,448.4,90.82,1850,0.001226,99.9047
2026-08-27T09:30:00,37.51,538.1,126.88,2705,0.003006,99.9508
2026-08-27T09:45:00,39.83,470.6,119.74,2343,0.002149,99.9035
2026-08-27T10:00:00,72.88,728.1,215.98,4441,0.011367,99.7968
2026-08-27T10:15:00,53.98,597.6,170.3,3249,0.005382,99.9048
2026-08-27T10:30:00,83.92,727.3,212.16,4886,0.01227,99.8638
2026-08-27T10:45:00,55.15,619.2,173.46,3328,0.005817,99.9258
2026-08-27T11:00:00,68.75,691.9,199.33,4117,0.009241,99.9194
2026-08-27T11:15:00,50.7,591.3,106.27,3254,0.003328,99.9009
2026-08-27T11:30:00,67.15,658.2,150.76,3825,0.006178,99.9637
2026-08-27T11:45:00,71.6,676.3,154.28,4050,0.006878,99.899
2026-08-27T12:00:00,63.89,674.3,215.32,4121,0.009738,99.9464
2026-08-27T12:15:00,66.77,679.1,157.47,3822,0.006652,99.8543
2026-08-27T12:30:00,53.02,652.2,129.04,3460,0.004739,99.9593
2026-08-27T12:45:00,54.24,613.6,171.4,3014,0.005159,99.9186
2026-08-27T13:00:00,62.28,622.5,183.12,3677,0.006822,99.9611
2026-08-27T13:15:00,61.94,559.2,143.9,2987,0.003912,99.9142
2026-08-27T13:30:00,53.74,584.5,116.16,3152,0.003483,99.9097
2026-08-27T13:45:00,68.49,615.3,132.91,3499,0.004657,99.929
2026-08-27T14:00:00,80.25,724.6,164.99,4497,0.008751,99.8985
2026-08-27T14:15:00,65.84,663.7,151.33,3599,0.005883,99.9469
2026-08-27T14:30:00,63.78,624.7,127.09,3356,0.004336,99.9005
2026-08-27T14:45:00,82.28,744.2,203.02,4378,0.010766,99.9117
2026-08-27T15:00:00,74.5,686.0,155.36,4106,0.007123,99.8721
2026-08-27T15:15:00,81.22,756.9,231.96,4760,0.013602,99.8559
2026-08-27T15:30:00,67.59,673.0,192.26,3814,0.008032,99.9115
2026-08-27T15:45:00,71.71,665.3,141.95,3557,0.005468,99.9362
2026-08-27T16:00:00,75.72,690.3,134.27,4096,0.006179,99.8582
2026-08-27T16:15:00,83.46,755.5,234.59,4757,0.013722,99.8713
2026-08-27T16:30:00,75.6,684.5,143.62,3954,0.006327,99.9253
2026-08-27T16:45:00,57.99,585.4,160.37,3390,0.00518,99.9146
2026-08-27T17:00:00,70.05,675.6,182.19,3776,0.007564,99.9198
2026-08-27T17:15:00,60.49,571.3,94.8,2870,0.00253,99.8925
2026-08-27T17:30:00,68.53,658.5,162.69,3675,0.006408,99.8881
2026-08-27T17:45:00,66.71,663.2,174.18,4010,0.00754,99.9148
2026-08-27T18:00:00,34.33,464.1,97.48,2171,0.001599,99.9271
2026-08-27T18:15:00,39.7,487.8,91.29,2073,0.001503,99.9344
2026-08-27T18:30:00,39.37,472.3,100.88,2166,0.00168,99.9756
2026-08-27T18:45:00,27.84,481.8,107.26,2246,0.001889,99.9123
2026-08-27T19:00:00,26.57,461.9,114.18,1646,0.001413,99.9789
2026-08-27T19:15:00,44.43,489.7,90.73,2274,0.001644,99.9527
2026-08-27T19:30:00,46.56,549.6,115.33,2900,0.002992,99.9385
2026-08-27T19:45:00,29.58,451.2,111.9,1791,0.001472,99.976
2026-08-27T20:00:00,41.25,480.7,95.64,2176,0.001628,99.9665
2026-08-27T20:15:00,32.55,459.7,89.05,1891,0.00126,99.962
2026-08-27T20:30:00,38.11,454.0,94.47,2187,0.001527,99.9273
2026-08-27T20:45:00,50.56,576.3,144.26,2613,0.003536,99.9545
2026-08-27T21:00:00,35.0,475.6,91.37,2425,0.001715,99.9552
2026-08-27T21:15:00,45.65,512.0,117.71,2395,0.002349,99.9582
2026-08-27T21:30:00,50.21,584.9,171.55,2607,0.004257,99.945
2026-08-27T21:45:00,42.34,528.1,140.76,2605,0.003152,99.9648
2026-08-27T22:00:00,24.14,358.6,48.65,992,0.000282,99.9617
2026-08-27T22:15:00,17.04,339.2,64.59,1124,0.000401,99.9356
2026-08-27T22:30:00,14.86,355.9,51.74,915,0.000274,99.9297
2026-08-27T22:45:00,15.55,304.6,48.79,623,0.000151,99.9569
2026-08-27T23:00:00,10.02,320.0,42.18,731,0.000161,99.9289
2026-08-27T23:15:00,21.52,351.5,51.95,1167,0.000347,99.9468
2026-08-27T23:30:00,20.4,340.0,68.39,1185,0.000448,99.9284
2026-08-27T23:45:00,16.79,371.0,79.08,1011,0.000483,99.9384
2026-08-28T00:00:00,9.13,348.8,51.65,695,0.000204,99.9455
2026-08-28T00:15:00,19.3,343.8,67.31,1096,0.000413,99.9326
2026-08-28T00:30:00,8.73,347.0,58.26,566,0.000186,99.9637
2026-08-28T00:45:00,11.02,288.3,46.0,736,0.000159,99.9116
2026-08-28T01:00:00,5.0,295.1,29.65,72,1e-05,99.9809
2026-08-28T01:15:00,10.29,338.4,60.84,634,0.000212,99.9165
2026-08-28T01:30:00,13.56,317.9,36.64,503,9.5e-05,99.9945
2026-08-28T01:45:00,12.63,347.7,45.91,518,0.000135,99.9509
2026-08-28T02:00:00,9.27,320.6,41.74,405,8.8e-05,99.9559
2026-08-28T02:15:00,18.42,345.6,51.31,793,0.000229,100.0
2026-08-28T02:30:00,9.12,363.4,30.52,449,8.1e-05,99.9852
2026-08-28T02:45:00,13.63,346.5,39.13,873,0.000193,99.9188
2026-08-28T03:00:00,8.37,324.0,50.04,299,7.9e-05,99.9378
2026-08-28T03:15:00,12.87,350.5,44.56,558,0.000142,99.949
2026-08-28T03:30:00,13.83,305.3,46.99,696,0.000163,99.9481
2026-08-28T03:45:00,13.03,340.2,58.84,1153,0.000376,99.9533
2026-08-28T04:00:00,14.45,320.9,39.95,519,0.000108,99.9732
2026-08-28T04:15:00,9.22,248.1,28.5,357,4.1e-05,99.9124
2026-08-28T04:30:00,9.53,373.0,44.86,982,0.000267,99.952
2026-08-28T04:45:00,10.09,313.4,31.73,376,6.1e-05,99.964
2026-08-28T05:00:00,14.16,329.7,45.24,784,0.00019,99.9538
2026-08-28T05:15:00,15.02,311.6,39.56,1091,0.000219,99.9416
2026-08-28T05:30:00,8.3,383.3,46.17,880,0.000253,99.9268
2026-08-28T05:45:00,8.26,331.8,51.54,655,0.000182,99.9836
2026-08-28T06:00:00,27.62,469.5,95.33,1847,0.001346,99.9352
2026-08-28T06:15:00,42.0,525.3,93.03,2154,0.001713,99.9661
2026-08-28T06:30:00,83.65,791.3,183.45,4879,0.011528,99.9339
2026-08-28T06:45:00,26.68,462.8,84.81,1932,0.001234,99.941
2026-08-28T07:00:00,38.69,425.8,84.71,2038,0.001197,100.0
2026-08-28T07:15:00,29.12,430.6,83.03,1753,0.00102,99.9497
2026-08-28T07:30:00,25.16,479.0,84.39,1881,0.001238,99.93
2026-08-28T07:45:00,36.83,481.3,97.2,2426,0.001847,99.906
2026-08-28T08:00:00,48.91,530.1,112.24,2759,0.002672,99.9845
2026-08-28T08:15:00,41.8,543.8,117.09,2327,0.002412,99.9488
2026-08-28T08:30:00,33.8,482.4,82.1,2426,0.001564,99.9739
2026-08-28T08:45:00,55.0,521.8,118.39,2991,0.003007,99.9675
2026-08-28T09:00:00,51.71,511.8,121.59,1976,0.002002,99.9851
2026-08-28T09:15:00,48.41,566.4,94.9,2774,0.002427,99.9447
2026-08-28T09:30:00,32.67,481.5,115.44,2188,0.001979,99.9293
2026-08-28T09:45:00,47.51,552.5,136.67,2546,0.003129,99.9691
2026-08-28T10:00:00,73.9,687.1,137.97,3746,0.00578,99.9569
2026-08-28T10:15:00,79.03,749.4,185.54,4563,0.010327,99.918
2026-08-28T10:30:00,59.78,647.8,168.95,3666,0.00653,99.8807
2026-08-28T10:45:00,61.71,686.3,161.29,3765,0.006783,99.9183
2026-08-28T11:00:00,75.05,737.9,194.47,4400,0.010277,99.8483
2026-08-28T11:15:00,52.17,592.7,134.33,3164,0.0041,99.9041
2026-08-28T11:30:00,65.87,669.3,129.37,4073,0.00574,99.9182
2026-08-28T11:45:00,57.43,646.1,162.3,3438,0.005868,99.9462
2026-08-28T12:00:00,61.44,625.3,144.07,3600,0.005278,99.921
2026-08-28T12:15:00,67.46,652.0,145.56,3678,0.005682,99.9318
2026-08-28T12:30:00,78.01,708.6,216.3,4330,0.010802,99.8367
2026-08-28T12:45:00,76.0,651.1,156.08,4007,0.006628,99.9427
2026-08-28T13:00:00,70.84,673.8,167.22,4035,0.007399,99.9146
2026-08-28T13:15:00,68.78,699.8,188.26,4055,0.008695,99.9467
2026-08-28T13:30:00,57.65,612.3,99.1,3285,0.003245,99.9044
2026-08-28T13:45:00,56.06,575.0,181.52,3198,0.005433,99.8777
2026-08-28T14:00:00,88.58,799.3,233.07,4760,0.014433,99.9484
2026-08-28T14:15:00,59.85,613.8,108.71,3139,0.003409,99.9387
2026-08-28T14:30:00,60.29,618.9,140.08,3515,0.00496,99.921
2026-08-28T14:45:00,74.83,716.8,147.07,4255,0.007301,99.8654
2026-08-28T15:00:00,67.34,664.7,181.62,4112,0.008079,99.9699
2026-08-28T15:15:00,74.3,637.0,176.53,3903,0.007143,99.8971
2026-08-28T15:30:00,60.99,596.1,135.14,3326,0.004361,99.9687
2026-08-28T15:45:00,61.76,564.6,132.71,3533,0.004309,99.9425
2026-08-28T16:00:00,66.08,687.9,137.94,3765,0.005815,99.8891
2026-08-28T16:15:00,88.02,780.1,222.59,5095,0.0144,99.8747
2026-08-28T16:30:00,69.84,642.0,122.67,3655,0.004685,99.9107
2026-08-28T16:45:00,55.94,600.7,129.98,3133,0.003981,99.9321
2026-08-28T17:00:00,83.43,706.9,200.7,4322,0.009981,99.8575
2026-08-28T17:15:00,59.05,627.2,177.17,3332,0.006027,99.9018
2026-08-28T17:30:00,58.1,647.0,125.3,3249,0.004287,99.94
2026-08-28T17:45:00,56.67,599.7,116.54,3309,0.003764,99.945
2026-08-28T18:00:00,85.29,774.9,236.06,4820,0.014351,99.9045
2026-08-28T18:15:00,46.15,498.7,105.77,2066,0.001774,99.9474
2026-08-28T18:30:00,51.05,561.7,126.23,2769,0.003195,99.9874
2026-08-28T18:45:00,37.38,468.5,83.01,2346,0.001485,99.9679
2026-08-28T19:00:00,49.27,566.5,138.14,2785,0.003547,99.9483
2026-08-28T19:15:00,34.11,493.0,90.86,2606,0.0019,99.9466
2026-08-28T19:30:00,49.42,573.3,133.15,3149,0.003912,99.9928
2026-08-28T19:45:00,53.38,530.3,124.33,2855,0.003064,99.9601
2026-08-28T20:00:00,33.81,447.7,110.76,1995,0.00161,99.9377
2026-08-28T20:15:00,49.27,519.1,132.94,2501,0.002809,99.8988
2026-08-28T20:30:00,38.79,497.1,101.03,2105,0.001721,99.9385
2026-08-28T20:45:00,38.53,489.2,98.29,2216,0.001734,99.9405
2026-08-28T21:00:00,33.86,435.4,89.06,2075,0.00131,99.9566
2026-08-28T21:15:00,33.73,449.8,66.13,1828,0.000885,99.926
2026-08-28T21:30:00,37.19,435.4,70.24,1794,0.000893,99.9556
2026-08-28T21:45:00,23.12,473.7,104.06,1837,0.001474,99.95
2026-08-28T22:00:00,14.84,344.9,56.08,620,0.000195,99.9561
2026-08-28T22:15:00,27.9,408.3,72.18,1368,0.000656,99.9613
2026-08-28T22:30:00,14.93,309.1,37.55,735,0.000139,99.9317
2026-08-28T22:45:00,10.48,389.7,59.29,1303,0.00049,99.9533
2026-08-28T23:00:00,28.05,403.0,71.77,1381,0.00065,99.9461
2026-08-28T23:15:00,10.34,294.0,40.11,798,0.000153,99.9559
2026-08-28T23:30:00,23.25,382.5,62.76,855,0.000334,99.9333
2026-08-28T23:45:00,12.27,317.8,50.33,476,0.000124,99.9667
2026-08-29T00:00:00,7.01,327.4,40.68,119,2.6e-05,99.9504
2026-08-29T00:15:00,5.0,300.5,40.43,556,0.00011,99.967
2026-08-29T00:30:00,7.8,352.4,49.95,603,0.000173,99.9488
2026-08-29T00:45:00,6.78,284.8,31.07,339,4.9e-05,99.9269
2026-08-29T01:00:00,5.0,270.7,23.53,216,2.2e-05,99.9731
2026-08-29T01:15:00,16.63,321.8,42.12,614,0.000135,99.9441
2026-08-29T01:30:00,13.68,291.3,37.0,660,0.000116,99.9436
2026-08-29T01:45:00,5.0,328.2,26.79,92,1.3e-05,99.9351
2026-08-29T02:00:00,5.0,331.4,40.5,783,0.000171,99.9129
2026-08-29T02:15:00,8.87,289.7,32.19,826,0.000125,99.9623
2026-08-29T02:30:00,5.0,276.3,26.44,270,3.2e-05,99.9537
2026-08-29T02:45:00,16.72,301.4,44.19,484,0.000105,99.9305
2026-08-29T03:00:00,9.76,296.7,24.96,256,3.1e-05,99.9486
2026-08-29T03:15:00,5.0,312.7,42.11,233,5e-05,99.9364
2026-08-29T03:30:00,5.0,275.2,28.69,96,1.2e-05,99.9585
2026-08-29T03:45:00,11.38,325.6,34.13,384,6.9e-05,99.9642
2026-08-29T04:00:00,5.0,302.5,39.4,210,4.1e-05,99.9341
2026-08-29T04:15:00,8.11,328.7,38.13,509,0.000104,99.9471
2026-08-29T04:30:00,11.56,309.8,45.5,770,0.000177,99.9391
2026-08-29T04:45:00,10.11,299.7,38.17,376,7e-05,99.9637
2026-08-29T05:00:00,5.0,285.4,35.48,219,3.6e-05,99.9761
2026-08-29T05:15:00,13.04,325.0,39.22,735,0.000152,99.9619
2026-08-29T05:30:00,5.99,251.6,28.21,164,1.9e-05,99.9636
2026-08-29T05:45:00,11.44,334.4,37.23,602,0.000122,99.9564
2026-08-29T06:00:00,24.61,415.1,72.98,1477,0.000728,99.9518
2026-08-29T06:15:00,25.65,452.0,69.47,1764,0.000902,99.9388
2026-08-29T06:30:00,31.81,427.9,91.52,1666,0.001062,99.966
2026-08-29T06:45:00,25.72,437.4,85.73,1791,0.001093,99.9593
2026-08-29T07:00:00,18.4,398.0,96.16,1434,0.000893,99.922
2026-08-29T07:15:00,28.51,451.5,85.07,1482,0.000927,99.9568
2026-08-29T07:30:00,30.57,426.2,99.29,1665,0.001147,99.9712
2026-08-29T07:45:00,36.34,477.1,76.94,1996,0.001192,99.9317
2026-08-29T08:00:00,30.94,455.2,93.74,1990,0.001382,99.9532
2026-08-29T08:15:00,28.57,404.1,70.64,1426,0.000662,99.926
2026-08-29T08:30:00,25.67,439.5,89.08,1459,0.00093,99.9789
2026-08-29T08:45:00,28.62,428.4,73.35,1861,0.000952,99.9138
2026-08-29T09:00:00,19.47,382.0,75.89,1139,0.000537,99.9521
2026-08-29T09:15:00,25.76,439.6,83.02,1811,0.001076,99.9212
2026-08-29T09:30:00,22.2,382.4,82.87,1046,0.00054,99.9281
2026-08-29T09:45:00,36.27,430.2,105.22,1934,0.001425,99.914
2026-08-29T10:00:00,57.01,545.5,124.83,2841,0.003149,99.9994
2026-08-29T10:15:00,43.43,534.6,108.46,2661,0.002511,99.9246
2026-08-29T10:30:00,49.04,510.8,108.22,2858,0.002571,99.9359
2026-08-29T10:45:00,33.27,454.8,72.22,1982,0.00106,99.9158
2026-08-29T11:00:00,41.1,505.0,117.87,2264,0.002193,99.926
2026-08-29T11:15:00,48.42,506.8,136.43,2433,0.002738,99.9797
2026-08-29T11:30:00,50.4,581.4,139.49,2889,0.003814,99.9676
2026-08-29T11:45:00,30.62,481.5,148.55,1872,0.00218,99.9522
2026-08-29T12:00:00,46.99,514.1,112.63,2597,0.002448,99.9485
2026-08-29T12:15:00,26.27,487.0,101.54,1712,0.001378,99.9517
2026-08-29T12:30:00,35.99,446.7,106.31,2089,0.001615,99.9721
2026-08-29T12:45:00,51.05,532.9,96.71,2537,0.002128,99.9695
2026-08-29T13:00:00,29.88,485.2,120.71,2011,0.001917,99.9303
2026-08-29T13:15:00,37.75,466.5,96.75,2095,0.001539,99.9859
2026-08-29T13:30:00,43.72,474.0,55.61,2398,0.001029,99.9504
2026-08-29T13:45:00,41.47,516.3,118.78,2604,0.002599,99.9536
2026-08-29T14:00:00,39.79,441.1,84.31,2056,0.001245,99.9378
2026-08-29T14:15:00,34.68,444.1,112.68,1777,0.001447,99.9651
2026-08-29T14:30:00,52.55,583.4,125.48,2904,0.00346,99.9368
2026-08-29T14:45:00,34.85,447.0,97.04,1826,0.001289,99.951
2026-08-29T15:00:00,44.66,572.8,139.85,2682,0.003497,99.9405
2026-08-29T15:15:00,45.01,489.1,108.1,2585,0.002225,99.9265
2026-08-29T15:30:00,43.48,502.3,122.37,2192,0.002193,99.9264
2026-08-29T15:45:00,40.04,481.2,72.13,2041,0.001153,99.9684
2026-08-29T16:00:00,37.08,428.7,73.44,1929,0.000989,99.9475
2026-08-29T16:15:00,28.97,477.0,107.69,2299,0.001922,99.9507
2026-08-29T16:30:00,38.65,536.3,79.35,2533,0.001754,99.9318
2026-08-29T16:45:00,37.7,510.7,110.7,2407,0.002215,99.9565
2026-08-29T17:00:00,43.71,524.8,84.37,2567,0.00185,99.9369
2026-08-29T17:15:00,34.97,472.7,89.74,2134,0.001473,99.9705
2026-08-29T17:30:00,45.37,526.7,84.12,2469,0.00178,99.9594
2026-08-29T17:45:00,48.55,553.8,108.05,2588,0.002521,99.987
2026-08-29T18:00:00,26.47,403.3,79.79,1452,0.00076,99.938
2026-08-29T18:15:00,29.66,454.8,87.05,1421,0.000916,99.9764
2026-08-29T18:30:00,35.74,447.4,74.48,1724,0.000935,99.9456
2026-08-29T18:45:00,26.24,383.9,52.54,1248,0.00041,99.9274
2026-08-29T19:00:00,39.89,470.4,66.15,1891,0.000958,99.9732
2026-08-29T19:15:00,28.32,454.4,96.32,1870,0.001332,99.939
2026-08-29T19:30:00,32.2,457.7,90.28,1717,0.001155,99.9461
2026-08-29T19:45:00,37.09,467.9,89.83,1626,0.001112,99.9374
2026-08-29T20:00:00,37.08,448.6,69.6,1523,0.000774,99.9677
2026-08-29T20:15:00,28.25,419.7,76.59,1471,0.00077,99.8913
2026-08-29T20:30:00,32.65,431.0,81.87,1534,0.000881,99.9464
2026-08-29T20:45:00,33.79,444.0,92.37,1708,0.00114,99.9588
2026-08-29T21:00:00,27.67,435.1,62.09,1307,0.000575,99.9764
2026-08-29T21:15:00,21.14,384.2,65.26,1206,0.000492,99.9266
2026-08-29T21:30:00,32.85,414.4,94.43,1469,0.000936,99.9524
2026-08-29T21:45:00,41.94,553.2,135.63,2520,0.003077,99.9277
2026-08-29T22:00:00,12.5,277.3,44.41,277,5.6e-05,99.9504
2026-08-29T22:15:00,8.77,316.6,37.24,548,0.000105,99.939
2026-08-29T22:30:00,9.48,299.0,34.01,432,7.2e-05,99.9659
2026-08-29T22:45:00,5.22,345.9,47.61,832,0.000223,99.9405
2026-08-29T23:00:00,6.83,265.6,38.97,633,0.000107,99.9246
2026-08-29T23:15:00,10.68,324.6,46.98,626,0.000155,99.9371
2026-08-29T23:30:00,5.0,304.1,33.75,389,6.5e-05,99.932
2026-08-29T23:45:00,11.86,326.3,44.08,847,0.000198,99.9193
2026-08-30T00:00:00,9.31,301.3,39.36,223,4.3e-05,99.9159
2026-08-30T00:15:00,12.68,309.1,34.51,416,7.2e-05,99.9734
2026-08-30T00:30:00,5.0,298.5,33.61,505,8.2e-05,99.9299
2026-08-30T00:45:00,12.77,271.9,34.28,279,4.2e-05,99.999
2026-08-30T01:00:00,5.0,280.7,27.59,356,4.5e-05,99.9523
2026-08-30T01:15:00,13.8,312.2,45.98,463,0.000108,99.9293
2026-08-30T01:30:00,16.51,339.8,36.44,239,4.8e-05,99.9305
2026-08-30T01:45:00,10.38,296.1,36.38,465,8.2e-05,99.9254
2026-08-30T02:00:00,5.0,296.7,29.3,208,2.9e-05,99.9357
2026-08-30T02:15:00,5.0,283.5,38.53,423,7.5e-05,99.9703
2026-08-30T02:30:00,5.97,255.9,18.63,309,2.4e-05,99.9394
2026-08-30T02:45:00,6.65,269.7,38.72,400,6.8e-05,99.9411
2026-08-30T03:00:00,5.0,260.9,27.97,58,7e-06,99.9822
2026-08-30T03:15:00,5.0,315.2,34.11,230,4e-05,99.9438
2026-08-30T03:30:00,7.12,279.6,33.29,436,6.6e-05,99.9628
2026-08-30T03:45:00,11.5,279.7,40.02,513,9.3e-05,99.9564
2026-08-30T04:00:00,11.14,300.4,40.72,363,7.2e-05,99.915
2026-08-30T04:15:00,8.02,317.2,31.18,591,9.5e-05,99.947
2026-08-30T04:30:00,10.56,318.0,38.25,353,7e-05,99.9417
2026-08-30T04:45:00,8.26,293.5,38.31,454,8.3e-05,99.91
2026-08-30T05:00:00,6.1,299.1,39.27,542,0.000104,99.9302
2026-08-30T05:15:00,12.05,309.2,22.63,165,1.9e-05,99.9688
2026-08-30T05:30:00,7.67,312.7,42.26,262,5.6e-05,99.9447
2026-08-30T05:45:00,8.4,315.4,45.6,506,0.000118,99.9754
2026-08-30T06:00:00,22.34,400.3,59.86,1695,0.000661,99.9399
2026-08-30T06:15:00,24.7,409.2,62.23,1556,0.000645,99.9065
2026-08-30T06:30:00,30.32,412.3,68.28,1296,0.000594,99.9509
2026-08-30T06:45:00,30.7,435.1,93.27,1708,0.001128,99.9765
2026-08-30T07:00:00,18.25,377.8,54.49,1043,0.000349,99.9562
2026-08-30T07:15:00,32.66,466.8,101.16,1989,0.001529,99.9547
2026-08-30T07:30:00,23.9,362.7,97.99,1492,0.000863,99.9637
2026-08-30T07:45:00,18.29,386.3,64.35,1099,0.000445,99.9437
2026-08-30T08:00:00,26.82,399.6,53.26,908,0.000315,99.9437
2026-08-30T08:15:00,28.72,440.8,86.99,1949,0.001216,99.9393
2026-08-30T08:30:00,20.19,393.9,68.39,1317,0.000577,99.925
2026-08-30T08:45:00,29.23,394.2,73.09,943,0.000442,99.958
2026-08-30T09:00:00,18.0,433.3,96.5,1518,0.001033,99.9539
2026-08-30T09:15:00,25.26,405.9,69.54,1209,0.000555,99.9533
2026-08-30T09:30:00,18.56,392.2,87.93,1287,0.000722,99.9224
2026-08-30T09:45:00,20.93,397.9,82.0,1146,0.000609,99.9637
2026-08-30T10:00:00,42.78,499.8,104.55,2317,0.00197,99.9569
2026-08-30T10:15:00,35.09,508.6,130.4,2467,0.002663,99.9498
2026-08-30T10:30:00,46.8,560.1,128.73,2685,0.003151,99.9446
2026-08-30T10:45:00,45.01,497.3,113.42,2543,0.002334,99.9789
2026-08-30T11:00:00,81.37,767.9,225.89,4686,0.01323,99.8176
2026-08-30T11:15:00,41.66,482.6,99.27,2211,0.001724,99.9248
2026-08-30T11:30:00,36.77,500.4,88.89,2367,0.001714,99.9284
2026-08-30T11:45:00,33.48,510.7,96.28,2141,0.001713,99.9718
2026-08-30T12:00:00,35.99,492.5,87.2,2030,0.001419,99.9611
2026-08-30T12:15:00,38.41,491.7,91.65,2308,0.001693,99.9753
2026-08-30T12:30:00,52.95,554.7,126.5,2644,0.00302,99.9332
2026-08-30T12:45:00,47.48,541.6,120.06,2566,0.002716,99.9445
2026-08-30T13:00:00,81.87,794.7,166.32,4568,0.009827,99.8886
2026-08-30T13:15:00,43.35,541.9,112.83,2302,0.002291,99.965
2026-08-30T13:30:00,35.16,483.6,83.08,2271,0.001485,99.9479
2026-08-30T13:45:00,39.64,506.9,100.3,2366,0.001958,99.9448
2026-08-30T14:00:00,41.93,441.1,81.36,1854,0.001083,99.9241
2026-08-30T14:15:00,36.7,491.6,112.04,2341,0.002098,99.92
2026-08-30T14:30:00,44.91,545.1,107.48,2752,0.002624,99.9619
2026-08-30T14:45:00,39.84,507.3,115.95,2371,0.00227,99.9694
2026-08-30T15:00:00,38.4,493.3,95.89,2077,0.001599,99.9743
2026-08-30T15:15:00,51.27,515.0,98.49,2596,0.002143,99.9161
2026-08-30T15:30:00,42.72,509.4,102.54,2482,0.00211,99.957
2026-08-30T15:45:00,47.34,579.1,110.09,2738,0.002841,99.9512
2026-08-30T16:00:00,48.1,519.0,100.56,2539,0.002157,99.9273
2026-08-30T16:15:00,33.98,490.5,114.74,2284,0.002092,99.9427
2026-08-30T16:30:00,52.46,556.4,138.93,2563,0.003224,99.9575
2026-08-30T16:45:00,34.75,482.6,103.71,2096,0.001707,99.9238
2026-08-30T17:00:00,47.09,528.1,121.95,2190,0.002296,99.9304
2026-08-30T17:15:00,95.0,772.3,159.31,4769,0.00955,99.8952
2026-08-30T17:30:00,38.18,455.5,108.24,2054,0.001648,99.9407
2026-08-30T17:45:00,49.5,591.2,111.45,2833,0.003038,99.9846
2026-08-30T18:00:00,31.53,408.2,86.28,1655,0.000949,99.9485
2026-08-30T18:15:00,23.14,435.3,73.62,1529,0.000798,99.9455
2026-08-30T18:30:00,24.88,367.5,75.75,1008,0.000457,99.9582
2026-08-30T18:45:00,26.92,429.8,52.48,1393,0.000511,99.9139
2026-08-30T19:00:00,37.33,424.2,79.89,1500,0.000827,99.9755
2026-08-30T19:15:00,22.05,417.6,67.98,1194,0.000552,99.973
2026-08-30T19:30:00,34.28,382.8,81.37,1509,0.000765,99.9571
2026-08-30T19:45:00,34.27,430.7,69.93,1968,0.000965,99.9167
2026-08-30T20:00:00,22.42,390.3,75.71,1432,0.000689,99.934
2026-08-30T20:15:00,24.75,399.9,78.0,1662,0.000844,99.9613
2026-08-30T20:30:00,28.44,420.1,88.21,1190,0.000718,99.9607
2026-08-30T20:45:00,47.46,520.3,114.36,2337,0.002263,99.9344
2026-08-30T21:00:00,31.76,421.3,67.01,1282,0.000589,99.9473
2026-08-30T21:15:00,32.89,420.8,69.18,1610,0.000763,99.971
2026-08-30T21:30:00,32.92,439.7,83.47,1592,0.000951,99.9346
2026-08-30T21:45:00,17.43,376.6,74.84,1330,0.00061,99.951
2026-08-30T22:00:00,11.62,347.5,57.66,1121,0.000366,99.9316
2026-08-30T22:15:00,11.69,336.9,55.5,758,0.000231,99.9492
2026-08-30T22:30:00,12.95,350.7,51.72,588,0.000174,99.9681
2026-08-30T22:45:00,13.2,321.5,45.86,532,0.000128,99.9456
2026-08-30T23:00:00,5.0,261.2,46.37,299,5.9e-05,99.9444
2026-08-30T23:15:00,18.42,299.0,49.79,413,0.0001,99.957
2026-08-30T23:30:00,9.42,298.5,58.01,583,0.000164,99.9507
2026-08-30T23:45:00,10.32,319.9,24.0,353,4.4e-05,99.9645
